facility_id,facility_name,facility_type,facility_level,geography_id,country_code,region_name,district_name,capacity,staff_count,has_lab,has_isolation_ward,has_xray,ambulance_count,latitude,longitude,operational_status,established_year
FAC-00001,Nairobi District 1 Clinic-1,Clinic,2,KE-NAI-001,KE,Nairobi,Nairobi District 1,97.0,19,False,False,False,2,2.067541,38.685193,Operational,2013
FAC-00002,Nairobi District 1 Dispensary-2,Dispensary,1,KE-NAI-002,KE,Nairobi,Nairobi District 1,57.0,6,True,True,True,1,-1.616086,35.045411,Operational,2016
FAC-00003,Nairobi District 1 Dispensary-3,Dispensary,1,KE-NAI-002,KE,Nairobi,Nairobi District 1,46.0,32,False,False,True,2,-1.595087,35.052176,Operational,1996
FAC-00004,Nairobi District 1 Health Center-4,Health Center,3,KE-NAI-002,KE,Nairobi,Nairobi District 1,43.0,22,False,False,True,0,-1.636743,35.061358,Operational,1996
FAC-00005,Nairobi District 1 Dispensary-5,Dispensary,1,KE-NAI-002,KE,Nairobi,Nairobi District 1,12.0,39,False,True,False,1,-1.603994,35.013729,Operational,2018
FAC-00006,Nairobi District 1 Dispensary-6,Dispensary,1,KE-NAI-002,KE,Nairobi,Nairobi District 1,94.0,48,False,False,False,1,-1.613856,35.049979,Operational,2010
FAC-00007,Nairobi District 1 Clinic-7,Clinic,2,KE-NAI-002,KE,Nairobi,Nairobi District 1,86.0,28,False,False,True,1,-1.616883,35.009462,Operational,1998
FAC-00008,Nairobi District 1 Dispensary-8,Dispensary,1,KE-NAI-003,KE,Nairobi,Nairobi District 1,12.0,28,False,False,False,2,-2.698119,35.312004,Operational,2017
FAC-00009,Nairobi District 1 Dispensary-9,Dispensary,1,KE-NAI-004,KE,Nairobi,Nairobi District 1,76.0,16,True,False,False,1,-4.468927,38.107327,Operational,1990
FAC-00010,Nairobi District 2 Clinic-10,Clinic,2,KE-NAI-005,KE,Nairobi,Nairobi District 2,51.0,18,False,False,False,2,1.05037,36.961969,Operational,2002
FAC-00011,Nairobi District 2 Health Center-11,Health Center,3,KE-NAI-006,KE,Nairobi,Nairobi District 2,56.0,36,True,False,False,1,-0.540051,34.050405,Operational,2011
FAC-00012,Nairobi District 2 Dispensary-12,Dispensary,1,KE-NAI-007,KE,Nairobi,Nairobi District 2,46.0,49,False,False,False,1,-3.822992,39.41312,Operational,2017
FAC-00013,Nairobi District 2 Clinic-13,Clinic,2,KE-NAI-008,KE,Nairobi,Nairobi District 2,66.0,37,True,False,False,0,3.792753,35.920935,Operational,1998
FAC-00014,Nairobi District 3 Clinic-14,Clinic,2,KE-NAI-009,KE,Nairobi,Nairobi District 3,55.0,46,True,False,False,2,4.307521,40.057552,Operational,2001
FAC-00015,Nairobi District 3 Health Center-15,Health Center,3,KE-NAI-009,KE,Nairobi,Nairobi District 3,6.0,7,True,False,True,0,4.364798,40.092167,Operational,2021
FAC-00016,Nairobi District 3 Dispensary-16,Dispensary,1,KE-NAI-010,KE,Nairobi,Nairobi District 3,23.0,6,False,False,True,0,-3.859806,35.494025,Operational,2013
FAC-00017,Nairobi District 3 Clinic-17,Clinic,2,KE-NAI-011,KE,Nairobi,Nairobi District 3,74.0,26,False,False,True,2,3.008079,36.773608,Under Construction,2008
FAC-00018,Nairobi District 4 Dispensary-18,Dispensary,1,KE-NAI-012,KE,Nairobi,Nairobi District 4,23.0,24,True,False,True,2,-4.510908,37.250964,Operational,2014
FAC-00019,Nairobi District 4 Health Center-19,Health Center,3,KE-NAI-012,KE,Nairobi,Nairobi District 4,35.0,34,True,False,False,1,-4.549061,37.290177,Operational,2001
FAC-00020,Nairobi District 4 Clinic-20,Clinic,2,KE-NAI-012,KE,Nairobi,Nairobi District 4,36.0,13,False,False,False,0,-4.515872,37.3152,Operational,2000
FAC-00021,Nairobi District 4 Dispensary-21,Dispensary,1,KE-NAI-013,KE,Nairobi,Nairobi District 4,40.0,42,True,True,False,1,1.824279,39.698138,Operational,2005
FAC-00022,Nairobi District 4 Dispensary-22,Dispensary,1,KE-NAI-013,KE,Nairobi,Nairobi District 4,37.0,8,False,True,True,0,1.89819,39.754151,Operational,2001
FAC-00023,Coast District 1 Dispensary-23,Dispensary,1,KE-COA-014,KE,Coast,Coast District 1,90.0,26,False,False,False,1,3.953372,39.383824,Operational,2022
FAC-00024,Coast District 1 Clinic-24,Clinic,2,KE-COA-015,KE,Coast,Coast District 1,68.0,37,True,False,False,0,1.411824,36.556134,Closed,2019
FAC-00025,Coast District 1 Dispensary-25,Dispensary,1,KE-COA-016,KE,Coast,Coast District 1,10.0,39,False,False,False,0,2.96843,38.942251,Operational,2010
FAC-00026,Coast District 1 Clinic-26,Clinic,2,KE-COA-017,KE,Coast,Coast District 1,37.0,7,False,False,False,1,-3.103704,34.615151,Operational,2011
FAC-00027,Coast District 2 Clinic-27,Clinic,2,KE-COA-018,KE,Coast,Coast District 2,31.0,46,False,False,True,1,-0.276648,40.453691,Operational,2015
FAC-00028,Coast District 2 Dispensary-28,Dispensary,1,KE-COA-018,KE,Coast,Coast District 2,29.0,28,True,True,False,0,-0.328112,40.405503,Operational,2003
FAC-00029,Coast District 2 Dispensary-29,Dispensary,1,KE-COA-018,KE,Coast,Coast District 2,91.0,19,True,False,True,1,-0.300979,40.452673,Operational,2011
FAC-00030,Coast District 2 Health Center-30,Health Center,3,KE-COA-018,KE,Coast,Coast District 2,46.0,10,False,True,False,2,-0.27054,40.419991,Operational,1993
FAC-00031,Coast District 2 Dispensary-31,Dispensary,1,KE-COA-018,KE,Coast,Coast District 2,98.0,39,True,True,False,2,-0.276079,40.402516,Operational,2008
FAC-00032,Coast District 2 Clinic-32,Clinic,2,KE-COA-018,KE,Coast,Coast District 2,59.0,30,True,True,False,0,-0.278689,40.404228,Under Construction,2023
FAC-00033,Coast District 2 Health Center-33,Health Center,3,KE-COA-018,KE,Coast,Coast District 2,52.0,29,True,False,False,0,-0.292104,40.459581,Operational,2001
FAC-00034,Coast District 2 Clinic-34,Clinic,2,KE-COA-018,KE,Coast,Coast District 2,55.0,41,True,True,True,1,-0.343466,40.483955,Operational,2001
FAC-00035,Coast District 2 Regional Hospital-35,Regional Hospital,5,KE-COA-018,KE,Coast,Coast District 2,973.0,631,True,True,True,9,-0.300192,40.415729,Operational,2012
FAC-00036,Coast District 2 District Hospital-36,District Hospital,4,KE-COA-018,KE,Coast,Coast District 2,299.0,133,True,True,True,5,-0.310078,40.460995,Operational,1990
FAC-00037,Coast District 2 Clinic-37,Clinic,2,KE-COA-018,KE,Coast,Coast District 2,8.0,20,False,False,False,2,-0.267444,40.466126,Operational,2022
FAC-00038,Coast District 2 Clinic-38,Clinic,2,KE-COA-018,KE,Coast,Coast District 2,55.0,47,False,False,False,0,-0.326871,40.425805,Operational,1991
FAC-00039,Coast District 2 Regional Hospital-39,Regional Hospital,5,KE-COA-018,KE,Coast,Coast District 2,1253.0,234,True,True,True,11,-0.34042,40.430307,Operational,2015
FAC-00040,Coast District 2 Clinic-40,Clinic,2,KE-COA-018,KE,Coast,Coast District 2,11.0,8,False,False,False,1,-0.274032,40.478757,Operational,1999
FAC-00041,Coast District 2 Clinic-41,Clinic,2,KE-COA-018,KE,Coast,Coast District 2,28.0,39,False,True,True,0,-0.289485,40.485121,Operational,2001
FAC-00042,Coast District 2 Dispensary-42,Dispensary,1,KE-COA-019,KE,Coast,Coast District 2,17.0,27,True,False,False,0,4.531744,40.857925,Operational,2008
FAC-00043,Coast District 2 Clinic-43,Clinic,2,KE-COA-020,KE,Coast,Coast District 2,16.0,45,True,False,False,2,-1.05263,35.388048,Operational,1994
FAC-00044,Coast District 3 Clinic-44,Clinic,2,KE-COA-021,KE,Coast,Coast District 3,29.0,25,False,False,True,0,3.492879,41.245601,Operational,1994
FAC-00045,Coast District 3 Dispensary-45,Dispensary,1,KE-COA-021,KE,Coast,Coast District 3,97.0,47,True,True,False,2,-0.962457,41.860112,Operational,2002
FAC-00046,Rift Valley District 1 Health Center-46,Health Center,3,KE-RIF-023,KE,Rift Valley,Rift Valley District 1,13.0,31,True,False,True,1,3.924091,35.662572,Under Construction,2006
FAC-00047,Rift Valley District 1 Dispensary-47,Dispensary,1,KE-RIF-024,KE,Rift Valley,Rift Valley District 1,93.0,49,False,False,True,1,4.068227,36.875168,Operational,1992
FAC-00048,Rift Valley District 2 Clinic-48,Clinic,2,KE-RIF-025,KE,Rift Valley,Rift Valley District 2,96.0,24,False,False,False,0,-0.896666,38.025167,Operational,2014
FAC-00049,Rift Valley District 2 Dispensary-49,Dispensary,1,KE-RIF-026,KE,Rift Valley,Rift Valley District 2,42.0,10,True,False,True,1,-1.575303,38.673217,Closed,2008
FAC-00050,Rift Valley District 2 Dispensary-50,Dispensary,1,KE-RIF-026,KE,Rift Valley,Rift Valley District 2,22.0,45,False,False,False,0,-1.605986,38.710563,Operational,2001
FAC-00051,Rift Valley District 2 Dispensary-51,Dispensary,1,KE-RIF-026,KE,Rift Valley,Rift Valley District 2,20.0,12,False,False,True,1,-1.645605,38.666817,Operational,2017
FAC-00052,Rift Valley District 2 Clinic-52,Clinic,2,KE-RIF-027,KE,Rift Valley,Rift Valley District 2,45.0,40,False,False,True,2,-0.277171,39.196975,Operational,1995
FAC-00053,Rift Valley District 2 Dispensary-53,Dispensary,1,KE-RIF-028,KE,Rift Valley,Rift Valley District 2,73.0,29,True,False,False,1,-0.305852,35.415092,Operational,2007
FAC-00054,Rift Valley District 3 Dispensary-54,Dispensary,1,KE-RIF-029,KE,Rift Valley,Rift Valley District 3,53.0,15,False,False,False,0,-3.748947,36.296882,Operational,1990
FAC-00055,Rift Valley District 3 Health Center-55,Health Center,3,KE-RIF-030,KE,Rift Valley,Rift Valley District 3,59.0,10,False,False,False,0,-0.221571,35.721245,Operational,2008
FAC-00056,Rift Valley District 4 Clinic-56,Clinic,2,KE-RIF-031,KE,Rift Valley,Rift Valley District 4,82.0,13,True,False,True,1,-3.242002,35.868671,Operational,2020
FAC-00057,Rift Valley District 4 Clinic-57,Clinic,2,KE-RIF-032,KE,Rift Valley,Rift Valley District 4,30.0,38,False,False,False,1,0.941285,34.291214,Under Construction,2006
FAC-00058,Rift Valley District 5 Dispensary-58,Dispensary,1,KE-RIF-033,KE,Rift Valley,Rift Valley District 5,51.0,27,False,False,False,2,1.176081,33.911726,Closed,2023
FAC-00059,Rift Valley District 5 Dispensary-59,Dispensary,1,KE-RIF-034,KE,Rift Valley,Rift Valley District 5,83.0,31,False,False,False,2,-0.413223,35.032236,Operational,2006
FAC-00060,Rift Valley District 5 Dispensary-60,Dispensary,1,KE-RIF-035,KE,Rift Valley,Rift Valley District 5,8.0,14,False,False,False,0,0.298473,34.36066,Operational,2000
FAC-00061,Rift Valley District 5 Clinic-61,Clinic,2,KE-RIF-036,KE,Rift Valley,Rift Valley District 5,27.0,20,False,False,True,2,-0.488448,40.851956,Under Construction,2016
FAC-00062,Rift Valley District 6 Dispensary-62,Dispensary,1,KE-RIF-037,KE,Rift Valley,Rift Valley District 6,54.0,23,True,False,True,0,-0.433432,38.150098,Operational,2015
FAC-00063,Rift Valley District 6 Dispensary-63,Dispensary,1,KE-RIF-038,KE,Rift Valley,Rift Valley District 6,53.0,18,False,True,False,1,3.194484,39.551926,Under Construction,2006
FAC-00064,Rift Valley District 6 Clinic-64,Clinic,2,KE-RIF-039,KE,Rift Valley,Rift Valley District 6,5.0,12,False,False,False,0,2.940592,35.941203,Operational,2003
FAC-00065,Rift Valley District 6 Clinic-65,Clinic,2,KE-RIF-040,KE,Rift Valley,Rift Valley District 6,30.0,18,True,False,False,2,0.14462,41.104449,Operational,2004
FAC-00066,Central District 1 Dispensary-66,Dispensary,1,KE-CEN-041,KE,Central,Central District 1,32.0,14,False,False,True,2,-0.454009,36.788362,Operational,1993
FAC-00067,Central District 1 Clinic-67,Clinic,2,KE-CEN-042,KE,Central,Central District 1,22.0,40,False,False,False,2,-0.98741,38.062124,Operational,2015
FAC-00068,Central District 1 Dispensary-68,Dispensary,1,KE-CEN-043,KE,Central,Central District 1,63.0,49,False,False,True,1,0.877988,41.076957,Operational,2000
FAC-00069,Central District 2 Dispensary-69,Dispensary,1,KE-CEN-044,KE,Central,Central District 2,98.0,35,False,True,True,2,1.65174,38.273519,Under Construction,2009
FAC-00070,Central District 2 Dispensary-70,Dispensary,1,KE-CEN-045,KE,Central,Central District 2,8.0,19,False,False,False,1,-1.05448,39.464512,Operational,2015
FAC-00071,Central District 2 Health Center-71,Health Center,3,KE-CEN-045,KE,Central,Central District 2,48.0,9,False,False,True,1,-1.062941,39.44565,Operational,2003
FAC-00072,Central District 2 Dispensary-72,Dispensary,1,KE-CEN-046,KE,Central,Central District 2,,15,False,False,True,2,-2.586077,38.857387,Operational,1991
FAC-00073,Central District 2 Clinic-73,Clinic,2,KE-CEN-047,KE,Central,Central District 2,6.0,24,True,True,True,0,-3.273443,38.977447,Operational,2020
FAC-00074,Central District 3 Dispensary-74,Dispensary,1,KE-CEN-047,KE,Central,Central District 3,66.0,48,True,False,False,1,-1.264537,38.184421,Operational,2011
FAC-00075,Central District 3 District Hospital-75,District Hospital,4,KE-CEN-049,KE,Central,Central District 3,548.0,171,True,True,True,4,2.750687,37.957787,Operational,2010
FAC-00076,Central District 3 Health Center-76,Health Center,3,KE-CEN-049,KE,Central,Central District 3,87.0,18,False,False,False,1,2.739458,37.982819,Operational,2021
FAC-00077,Central District 3 Clinic-77,Clinic,2,KE-CEN-049,KE,Central,Central District 3,42.0,37,False,False,True,2,2.710308,37.99081,Operational,1995
FAC-00078,Central District 3 Dispensary-78,Dispensary,1,KE-CEN-049,KE,Central,Central District 3,11.0,12,True,False,False,1,2.724506,38.027013,Operational,2022
FAC-00079,Central District 3 Dispensary-79,Dispensary,1,KE-CEN-049,KE,Central,Central District 3,31.0,37,True,False,False,1,2.746624,37.947916,Operational,2013
FAC-00080,Central District 3 Dispensary-80,Dispensary,1,KE-CEN-049,KE,Central,Central District 3,19.0,33,False,False,False,0,2.67238,37.997468,Operational,2015
FAC-00081,Central District 3 Health Center-81,Health Center,3,KE-CEN-050,KE,Central,Central District 3,73.0,24,False,False,True,2,-2.886018,36.157721,Operational,2015
FAC-00082,Central District 3 Clinic-82,Clinic,2,KE-CEN-050,KE,Central,Central District 3,66.0,22,True,False,False,0,-2.918157,36.220803,Operational,1997
FAC-00083,Central District 3 Dispensary-83,Dispensary,1,KE-CEN-050,KE,Central,Central District 3,96.0,35,True,True,True,1,-2.844334,36.219997,Operational,2010
FAC-00084,Central District 4 Dispensary-84,Dispensary,1,KE-CEN-051,KE,Central,Central District 4,40.0,27,False,False,True,0,1.948392,38.060731,Operational,1999
FAC-00085,Central District 4 Dispensary-85,Dispensary,1,KE-CEN-052,KE,Central,Central District 4,30.0,45,False,False,False,2,-2.913034,35.453951,Operational,2006
FAC-00086,Central District 4 Clinic-86,Clinic,2,KE-CEN-053,KE,Central,Central District 4,63.0,48,True,True,False,2,-2.849649,38.690412,Operational,2011
FAC-00087,Central District 4 Clinic-87,Clinic,2,KE-CEN-054,KE,Central,Central District 4,89.0,11,False,True,False,0,-3.345917,41.949687,Operational,1990
FAC-00088,Eastern District 1 Dispensary-88,Dispensary,1,KE-EAS-055,KE,Eastern,Eastern District 1,98.0,27,True,False,True,2,-3.014442,39.905009,Operational,2008
FAC-00089,Eastern District 1 Clinic-89,Clinic,2,KE-EAS-056,KE,Eastern,Eastern District 1,82.0,6,False,False,False,1,-0.064296,39.926499,Under Construction,1992
FAC-00090,Eastern District 2 Dispensary-90,Dispensary,1,KE-EAS-057,KE,Eastern,Eastern District 2,78.0,23,False,False,False,1,2.452987,36.502174,Operational,1992
FAC-00091,Eastern District 2 Clinic-91,Clinic,2,KE-EAS-058,KE,Eastern,Eastern District 2,63.0,0,False,False,False,1,-2.972074,37.385886,Operational,2013
FAC-00092,Eastern District 3 Dispensary-92,Dispensary,1,KE-EAS-059,KE,Eastern,Eastern District 3,50.0,47,True,False,True,0,-0.441577,41.913324,Operational,2010
FAC-00093,Eastern District 3 Regional Hospital-93,Regional Hospital,5,KE-EAS-059,KE,Eastern,Eastern District 3,1904.0,747,True,True,True,17,-0.408128,41.939267,Operational,2009
FAC-00094,Eastern District 3 Clinic-94,Clinic,2,KE-EAS-060,KE,Eastern,Eastern District 3,6.0,7,True,False,True,2,0.325863,39.346438,Under Construction,2011
FAC-00095,Eastern District 3 Dispensary-95,Dispensary,1,KE-EAS-061,KE,Eastern,Eastern District 3,85.0,14,False,False,False,1,1.75178,41.70118,Operational,1991
FAC-00096,Eastern District 3 Dispensary-96,Dispensary,1,KE-EAS-062,KE,Eastern,Eastern District 3,77.0,26,False,True,False,2,4.619122,38.872337,Operational,2010
FAC-00097,Western District 1 Dispensary-97,Dispensary,1,KE-WES-063,KE,Western,Western District 1,45.0,42,False,False,False,1,4.570642,41.156245,Operational,2020
FAC-00098,Western District 1 Dispensary-98,Dispensary,1,KE-WES-064,KE,Western,Western District 1,44.0,0,False,True,False,0,0.490816,35.082589,Operational,1991
FAC-00099,Western District 1 Clinic-99,Clinic,2,KE-WES-065,KE,Western,Western District 1,69.0,40,True,False,True,2,3.16542,35.357622,Operational,2023
FAC-00100,Western District 1 Dispensary-100,Dispensary,1,KE-WES-066,KE,Western,Western District 1,28.0,26,False,False,False,0,0.957018,40.108805,Operational,2023
FAC-00101,Western District 2 Dispensary-101,Dispensary,1,KE-WES-067,KE,Western,Western District 2,70.0,13,False,False,False,0,2.442642,35.006072,Operational,2019
FAC-00102,Western District 2 Regional Hospital-102,Regional Hospital,5,KE-WES-068,KE,Western,Western District 2,1023.0,474,True,True,True,9,1.279098,41.374839,Operational,1999
FAC-00103,Western District 3 Dispensary-103,Dispensary,1,KE-WES-069,KE,Western,Western District 3,51.0,16,False,False,False,1,2.525789,38.303746,Operational,1997
FAC-00104,Western District 3 Clinic-104,Clinic,2,KE-WES-070,KE,Western,Western District 3,93.0,16,False,True,False,2,0.44963,34.527655,Closed,2015
FAC-00105,Western District 3 Dispensary-105,Dispensary,1,KE-WES-071,KE,Western,Western District 3,11.0,18,False,False,False,2,1.998562,40.440786,Operational,2019
FAC-00106,Western District 3 Health Center-106,Health Center,3,KE-WES-072,KE,Western,Western District 3,22.0,46,True,False,True,2,-3.353254,38.612656,Operational,2015
FAC-00107,Nyanza District 1 Dispensary-107,Dispensary,1,KE-NYA-073,KE,Nyanza,Nyanza District 1,43.0,0,False,False,False,0,-3.038856,41.892682,Under Construction,1991
FAC-00108,Nyanza District 1 Clinic-108,Clinic,2,KE-NYA-074,KE,Nyanza,Nyanza District 1,46.0,38,True,True,True,1,2.452166,40.502993,Operational,2018
FAC-00109,Nyanza District 2 Dispensary-109,Dispensary,1,KE-NYA-075,KE,Nyanza,Nyanza District 2,97.0,48,False,False,True,0,4.55917,41.883637,Operational,1990
FAC-00110,Nyanza District 2 Health Center-110,Health Center,3,KE-NYA-076,KE,Nyanza,Nyanza District 2,7.0,49,True,False,False,1,-0.855944,36.462696,Under Construction,2004
FAC-00111,Nyanza District 2 Clinic-111,Clinic,2,KE-NYA-076,KE,Nyanza,Nyanza District 2,53.0,28,False,False,True,2,-0.873097,36.522881,Under Construction,2000
FAC-00112,Nyanza District 2 Dispensary-112,Dispensary,1,KE-NYA-076,KE,Nyanza,Nyanza District 2,29.0,11,False,False,True,2,-0.831791,36.447003,Operational,2015
FAC-00113,Nyanza District 2 Regional Hospital-113,Regional Hospital,5,KE-NYA-076,KE,Nyanza,Nyanza District 2,1005.0,458,True,True,True,12,-0.879842,36.440753,Closed,1998
FAC-00114,Nyanza District 2 Dispensary-114,Dispensary,1,KE-NYA-076,KE,Nyanza,Nyanza District 2,65.0,46,False,False,True,2,-0.833272,36.457413,Operational,2014
FAC-00115,Nyanza District 2 Clinic-115,Clinic,2,KE-NYA-076,KE,Nyanza,Nyanza District 2,18.0,41,False,False,True,1,-0.867187,36.439407,Under Construction,1998
FAC-00116,Nyanza District 2 Clinic-116,Clinic,2,KE-NYA-076,KE,Nyanza,Nyanza District 2,29.0,9,True,False,True,2,-0.88888,36.507311,Operational,1995
FAC-00117,Nyanza District 2 Dispensary-117,Dispensary,1,KE-NYA-076,KE,Nyanza,Nyanza District 2,52.0,17,False,True,False,0,-0.863247,36.52562,Operational,2023
FAC-00118,Nyanza District 2 Clinic-118,Clinic,2,KE-NYA-076,KE,Nyanza,Nyanza District 2,81.0,49,False,False,False,0,-0.829797,36.521698,Operational,2014
FAC-00119,Nyanza District 2 Dispensary-119,Dispensary,1,KE-NYA-077,KE,Nyanza,Nyanza District 2,67.0,31,True,False,False,1,0.767187,35.276435,Operational,2021
FAC-00120,Nyanza District 2 Clinic-120,Clinic,2,KE-NYA-078,KE,Nyanza,Nyanza District 2,34.0,43,True,False,False,2,4.575869,40.755069,Operational,2016
FAC-00121,Nyanza District 3 Dispensary-121,Dispensary,1,KE-NYA-079,KE,Nyanza,Nyanza District 3,21.0,44,False,True,False,2,-3.236442,37.970041,Operational,2021
FAC-00122,NYANZA DISTRICT 3 Dispensary-122,Dispensary,1,KE-NYA-080,KE,Nyanza,NYANZA DISTRICT 3,32.0,19,False,False,True,1,3.553663,38.168646,Operational,2001
FAC-00123,Nyanza District 3 Dispensary-123,Dispensary,1,KE-NYA-081,KE,Nyanza,Nyanza District 3,14.0,5,False,True,False,1,-0.854465,35.477892,Operational,2001
FAC-00124,Nyanza District 4 Clinic-124,Clinic,2,KE-NYA-082,KE,Nyanza,Nyanza District 4,15.0,37,False,False,True,1,1.947494,40.754861,Operational,1993
FAC-00125,Nyanza District 4 Dispensary-125,Dispensary,1,KE-NYA-083,KE,Nyanza,Nyanza District 4,17.0,45,False,False,True,2,-1.07209,37.205136,Operational,2000
FAC-00126,Nyanza District 4 Clinic-126,Clinic,2,KE-NYA-084,KE,Nyanza,Nyanza District 4,85.0,48,False,False,False,0,-2.398655,40.330008,Closed,1990
FAC-00127,Nyanza District 4 Clinic-127,Clinic,2,KE-NYA-085,KE,Nyanza,Nyanza District 4,42.0,19,True,True,False,1,4.13474,41.936436,Operational,1997
FAC-00128,Nyanza District 5 Health Center-128,Health Center,3,KE-NYA-086,KE,Nyanza,Nyanza District 5,93.0,21,False,False,False,0,3.879017,40.107513,Operational,2013
FAC-00129,Nyanza District 5 Dispensary-129,Dispensary,1,KE-NYA-087,KE,Nyanza,Nyanza District 5,7.0,24,False,True,False,1,2.221448,40.047909,Operational,2011
FAC-00130,Nyanza District 5 Dispensary-130,Dispensary,1,KE-NYA-088,KE,Nyanza,Nyanza District 5,6.0,28,False,True,False,2,0.767013,41.889555,Closed,2021
FAC-00131,Nyanza District 5 Dispensary-131,Dispensary,1,KE-NYA-089,KE,Nyanza,Nyanza District 5,93.0,37,False,False,False,1,0.792017,41.67701,Operational,2004
FAC-00132,Nyanza District 6 Dispensary-132,Dispensary,1,KE-NYA-090,KE,Nyanza,Nyanza District 6,90.0,32,False,True,True,0,-0.385339,40.005994,Operational,2022
FAC-00133,Nyanza District 6 Dispensary-133,Dispensary,1,KE-NYA-091,KE,Nyanza,Nyanza District 6,30.0,26,True,False,False,2,0.308354,40.531356,Operational,2000
FAC-00134,Nyanza District 6 Clinic-134,Clinic,2,KE-NYA-092,KE,Nyanza,Nyanza District 6,10.0,13,False,False,True,1,2.807307,36.403294,Operational,2009
FAC-00135,Nyanza District 7 Clinic-135,Clinic,2,KE-NYA-093,KE,Nyanza,Nyanza District 7,11.0,15,False,False,False,1,1.661192,39.278547,Operational,2001
FAC-00136,Nyanza District 7 Health Center-136,Health Center,3,KE-NYA-094,KE,Nyanza,Nyanza District 7,17.0,29,False,False,False,0,3.0006,35.33168,Operational,2021
FAC-00137,Nyanza District 7 Clinic-137,Clinic,2,KE-NYA-095,KE,Nyanza,Nyanza District 7,86.0,10,False,False,False,1,-1.98528,37.956441,Operational,2018
FAC-00138,Lagos District 1 Clinic-138,Clinic,2,NG-LAG-096,NG,Lagos,Lagos District 1,83.0,37,False,False,False,2,5.326025,5.851667,Operational,2009
FAC-00139,Lagos District 1 Clinic-139,Clinic,2,NG-LAG-096,NG,Lagos,Lagos District 1,54.0,36,False,False,False,0,5.339096,5.899188,Operational,2001
FAC-00140,Lagos District 1 Clinic-140,Clinic,2,NG-LAG-097,NG,Lagos,Lagos District 1,22.0,44,False,True,False,0,10.249857,2.667968,Operational,2003
FAC-00141,Lagos District 2 Clinic-141,Clinic,2,NG-LAG-098,NG,Lagos,Lagos District 2,41.0,9,False,False,False,1,8.39482,2.727329,Operational,1991
FAC-00142,Lagos District 2 Health Center-142,Health Center,3,NG-LAG-099,NG,Lagos,Lagos District 2,21.0,29,False,False,True,0,5.050766,8.171556,Operational,2012
FAC-00143,Lagos District 2 Clinic-143,Clinic,2,NG-LAG-099,NG,Lagos,Lagos District 2,15.0,14,False,False,False,2,5.058864,8.126261,Operational,1997
FAC-00144,Lagos District 2 Dispensary-144,Dispensary,1,NG-LAG-099,NG,Lagos,Lagos District 2,5.0,24,False,False,False,0,5.070104,8.182224,Operational,2004
FAC-00145,Lagos District 2 Clinic-145,Clinic,2,NG-LAG-099,NG,Lagos,Lagos District 2,65.0,24,False,True,True,1,4.997095,8.175685,Operational,1994
FAC-00146,Lagos District 2 Health Center-146,Health Center,3,NG-LAG-099,NG,Lagos,Lagos District 2,55.0,18,False,False,False,1,4.993663,8.143998,Closed,2020
FAC-00147,Lagos District 2 Health Center-147,Health Center,3,NG-LAG-100,NG,Lagos,Lagos District 2,47.0,27,True,True,True,1,11.86153,8.484435,Operational,2010
FAC-00148,Lagos District 2 Health Center-148,Health Center,3,NG-LAG-100,NG,Lagos,Lagos District 2,,33,False,True,False,1,11.874874,8.558711,Operational,2007
FAC-00149,Lagos District 2 Dispensary-149,Dispensary,1,NG-LAG-101,NG,Lagos,Lagos District 2,12.0,44,True,False,False,0,8.465874,8.405477,Operational,1994
FAC-00150,Lagos District 3 Clinic-150,Clinic,2,NG-LAG-102,NG,Lagos,Lagos District 3,66.0,32,False,True,False,1,6.70122,13.227106,Operational,2002
FAC-00151,Lagos District 3 Clinic-151,Clinic,2,NG-LAG-103,NG,Lagos,Lagos District 3,79.0,8,False,False,False,1,5.683979,3.388837,Operational,2008
FAC-00152,Lagos District 3 Dispensary-152,Dispensary,1,NG-LAG-104,NG,Lagos,Lagos District 3,5.0,28,False,True,True,1,4.286646,2.689617,Operational,2018
FAC-00153,Lagos District 3 Clinic-153,Clinic,2,NG-LAG-104,NG,Lagos,Lagos District 3,53.0,36,False,True,False,0,4.266844,2.714258,Operational,1998
FAC-00154,Lagos District 3 Clinic-154,Clinic,2,NG-LAG-104,NG,Lagos,Lagos District 3,30.0,12,False,True,True,1,4.28802,2.689882,Operational,2004
FAC-00155,Lagos District 4 Clinic-155,Clinic,2,NG-LAG-105,NG,Lagos,Lagos District 4,91.0,10,False,False,True,1,11.570446,11.124414,Operational,2004
FAC-00156,Lagos District 4 Health Center-156,Health Center,3,NG-LAG-105,NG,Lagos,Lagos District 4,79.0,19,False,True,True,0,11.612603,11.175966,Operational,2018
FAC-00157,Lagos District 4 Dispensary-157,Dispensary,1,NG-LAG-106,NG,Lagos,Lagos District 4,39.0,12,False,False,True,1,10.180545,7.779626,Operational,2020
FAC-00158,Lagos District 4 Dispensary-158,Dispensary,1,NG-LAG-106,NG,Lagos,Lagos District 4,43.0,17,False,True,False,2,10.164846,7.86373,Operational,1996
FAC-00159,Lagos District 4 Dispensary-159,Dispensary,1,NG-LAG-106,NG,Lagos,Lagos District 4,48.0,49,True,True,False,1,10.190708,7.826791,Operational,2004
FAC-00160,Lagos District 4 Dispensary-160,Dispensary,1,NG-LAG-106,NG,Lagos,Lagos District 4,46.0,12,True,False,True,0,10.221451,7.809811,Operational,2007
FAC-00161,Lagos District 4 Dispensary-161,Dispensary,1,NG-LAG-106,NG,Lagos,Lagos District 4,78.0,37,False,True,False,2,10.22547,7.789111,Operational,2004
FAC-00162,Lagos District 4 Health Center-162,Health Center,3,NG-LAG-106,NG,Lagos,Lagos District 4,75.0,36,True,False,False,2,10.188867,7.866216,Operational,2010
FAC-00163,Lagos District 4 Dispensary-163,Dispensary,1,NG-LAG-106,NG,Lagos,Lagos District 4,46.0,43,False,False,True,0,10.149601,7.839871,Operational,2022
FAC-00164,Lagos District 4 Clinic-164,Clinic,2,NG-LAG-106,NG,Lagos,Lagos District 4,77.0,12,True,False,True,0,10.191096,7.774198,Operational,2016
FAC-00165,Lagos District 4 Dispensary-165,Dispensary,1,NG-LAG-106,NG,Lagos,Lagos District 4,12.0,42,False,False,False,1,10.158222,7.772671,Operational,2006
FAC-00166,Lagos District 4 Dispensary-166,Dispensary,1,NG-LAG-106,NG,Lagos,Lagos District 4,91.0,34,False,False,True,1,10.20819,7.78753,Operational,2019
FAC-00167,Lagos District 4 Clinic-167,Clinic,2,NG-LAG-106,NG,Lagos,Lagos District 4,20.0,16,False,False,False,0,10.177443,7.77942,Closed,1994
FAC-00168,Lagos District 4 Dispensary-168,Dispensary,1,NG-LAG-106,NG,Lagos,Lagos District 4,69.0,34,True,False,False,0,10.225659,7.828286,Operational,2023
FAC-00169,Lagos District 4 District Hospital-169,District Hospital,4,NG-LAG-106,NG,Lagos,Lagos District 4,680.0,250,True,True,True,3,10.173357,7.805528,Operational,1998
FAC-00170,Lagos District 4 Clinic-170,Clinic,2,NG-LAG-106,NG,Lagos,Lagos District 4,71.0,27,False,False,False,1,10.188886,7.866653,Under Construction,2001
FAC-00171,Lagos District 4 Dispensary-171,Dispensary,1,NG-LAG-106,NG,Lagos,Lagos District 4,46.0,42,False,False,False,1,10.211332,7.781565,Operational,2003
FAC-00172,Lagos District 4 Health Center-172,Health Center,3,NG-LAG-106,NG,Lagos,Lagos District 4,25.0,39,True,False,False,1,10.196494,7.86071,Operational,2022
FAC-00173,Lagos District 4 Dispensary-173,Dispensary,1,NG-LAG-106,NG,Lagos,Lagos District 4,18.0,5,False,False,True,1,10.23447,7.849957,Operational,2023
FAC-00174,Lagos District 4 District Hospital-174,District Hospital,4,NG-LAG-106,NG,Lagos,Lagos District 4,736.0,178,True,True,True,5,10.147187,7.845109,Operational,2017
FAC-00175,Lagos District 4 Clinic-175,Clinic,2,NG-LAG-106,NG,Lagos,Lagos District 4,82.0,24,True,False,True,1,10.140959,7.827692,Operational,2020
FAC-00176,Lagos District 4 District Hospital-176,District Hospital,4,NG-LAG-106,NG,Lagos,Lagos District 4,666.0,261,True,True,True,3,10.160366,7.815897,Operational,2020
FAC-00177,Lagos District 4 Dispensary-177,Dispensary,1,NG-LAG-106,NG,Lagos,Lagos District 4,77.0,27,True,True,False,2,10.165729,7.785214,Operational,2022
FAC-00178,Lagos District 4 Clinic-178,Clinic,2,NG-LAG-106,NG,Lagos,Lagos District 4,44.0,21,False,False,False,0,10.191894,7.810045,Operational,1996
FAC-00179,LAGOS DISTRICT 4 Clinic-179,Clinic,2,NG-LAG-107,NG,Lagos,LAGOS DISTRICT 4,90.0,18,False,False,True,2,6.390936,6.511328,Operational,2004
FAC-00180,LAGOS DISTRICT 4 Clinic-180,Clinic,2,NG-LAG-107,NG,Lagos,LAGOS DISTRICT 4,91.0,43,True,True,True,0,6.446908,6.543348,Closed,2006
FAC-00181,LAGOS DISTRICT 4 Health Center-181,Health Center,3,NG-LAG-107,NG,Lagos,LAGOS DISTRICT 4,64.0,15,False,False,True,2,6.362041,6.54966,Operational,2007
FAC-00182,LAGOS DISTRICT 4 Clinic-182,Clinic,2,NG-LAG-107,NG,Lagos,LAGOS DISTRICT 4,97.0,33,False,False,True,1,6.359536,6.529063,Under Construction,1991
FAC-00183,Kano District 1 Clinic-183,Clinic,2,NG-KAN-108,NG,Kano,Kano District 1,33.0,37,False,False,False,1,7.276166,9.83048,Operational,2011
FAC-00184,Kano District 1 Dispensary-184,Dispensary,1,NG-KAN-109,NG,Kano,Kano District 1,83.0,21,False,True,False,2,5.764403,3.686385,Operational,2012
FAC-00185,Kano District 1 Dispensary-185,Dispensary,1,NG-KAN-109,NG,Kano,Kano District 1,55.0,28,True,False,False,2,5.748506,3.648016,Operational,2004
FAC-00186,Kano District 1 Dispensary-186,Dispensary,1,NG-KAN-109,NG,Kano,Kano District 1,32.0,47,True,False,False,1,5.739686,3.620456,Operational,2017
FAC-00187,Kano District 1 Dispensary-187,Dispensary,1,NG-KAN-109,NG,Kano,Kano District 1,12.0,44,False,False,True,0,5.738722,3.644433,Operational,2014
FAC-00188,Kano District 1 Clinic-188,Clinic,2,NG-KAN-110,NG,Kano,Kano District 1,66.0,14,True,False,True,0,11.013828,12.002942,Operational,2021
FAC-00189,Kano District 1 Dispensary-189,Dispensary,1,NG-KAN-111,NG,Kano,Kano District 1,15.0,14,True,False,True,2,13.383879,12.80358,Operational,2011
FAC-00190,Kano District 2 Clinic-190,Clinic,2,NG-KAN-112,NG,Kano,Kano District 2,88.0,25,False,False,True,2,8.144989,13.975085,Operational,2007
FAC-00191,Kano District 2 Dispensary-191,Dispensary,1,NG-KAN-113,NG,Kano,Kano District 2,25.0,12,False,False,False,1,6.376165,4.866209,Closed,2011
FAC-00192,Kano District 2 Dispensary-192,Dispensary,1,NG-KAN-114,NG,Kano,Kano District 2,17.0,22,True,False,False,1,7.479638,9.915634,Operational,2002
FAC-00193,Kano District 2 Clinic-193,Clinic,2,NG-KAN-115,NG,Kano,Kano District 2,41.0,37,True,False,False,2,8.951858,6.514226,Operational,1997
FAC-00194,Kano District 3 Dispensary-194,Dispensary,1,NG-KAN-116,NG,Kano,Kano District 3,20.0,12,False,False,True,0,9.548027,3.744949,Operational,2014
FAC-00195,KANO DISTRICT 3 Clinic-195,Clinic,2,NG-KAN-117,NG,Kano,KANO DISTRICT 3,50.0,43,True,False,False,2,7.693317,4.522061,Operational,2001
FAC-00196,KANO DISTRICT 3 Dispensary-196,Dispensary,1,NG-KAN-117,NG,Kano,KANO DISTRICT 3,18.0,38,False,False,True,0,7.668454,4.609203,Closed,1993
FAC-00197,KANO DISTRICT 3 Clinic-197,Clinic,2,NG-KAN-117,NG,Kano,KANO DISTRICT 3,8.0,24,False,False,True,1,7.679156,4.5911,Operational,1993
FAC-00198,KANO DISTRICT 3 Health Center-198,Health Center,3,NG-KAN-117,NG,Kano,KANO DISTRICT 3,49.0,24,False,False,False,0,7.644379,4.579536,Operational,1993
FAC-00199,KANO DISTRICT 3 District Hospital-199,District Hospital,4,NG-KAN-117,NG,Kano,KANO DISTRICT 3,735.0,261,True,True,True,7,7.718393,4.54852,Operational,2008
FAC-00200,KANO DISTRICT 3 District Hospital-200,District Hospital,4,NG-KAN-117,NG,Kano,KANO DISTRICT 3,308.0,175,True,True,True,7,7.736091,4.542522,Operational,2008
FAC-00201,KANO DISTRICT 3 Clinic-201,Clinic,2,NG-KAN-117,NG,Kano,KANO DISTRICT 3,98.0,37,False,True,False,1,7.714553,4.5949,Operational,2022
FAC-00202,KANO DISTRICT 3 Clinic-202,Clinic,2,NG-KAN-117,NG,Kano,KANO DISTRICT 3,8.0,24,True,False,False,2,7.676277,4.578725,Operational,1999
FAC-00203,KANO DISTRICT 3 Clinic-203,Clinic,2,NG-KAN-117,NG,Kano,KANO DISTRICT 3,81.0,47,False,False,False,0,7.730856,4.599796,Operational,2015
FAC-00204,KANO DISTRICT 3 Dispensary-204,Dispensary,1,NG-KAN-117,NG,Kano,KANO DISTRICT 3,97.0,41,False,False,False,0,7.701011,4.526522,Under Construction,1990
FAC-00205,KANO DISTRICT 3 Dispensary-205,Dispensary,1,NG-KAN-117,NG,Kano,KANO DISTRICT 3,74.0,45,True,True,True,1,7.730156,4.568744,Operational,2013
FAC-00206,KANO DISTRICT 3 District Hospital-206,District Hospital,4,NG-KAN-117,NG,Kano,KANO DISTRICT 3,613.0,185,True,True,True,5,7.665466,4.549099,Operational,1999
FAC-00207,KANO DISTRICT 3 Health Center-207,Health Center,3,NG-KAN-117,NG,Kano,KANO DISTRICT 3,58.0,35,False,False,True,1,7.723203,4.526188,Operational,2010
FAC-00208,KANO DISTRICT 3 Clinic-208,Clinic,2,NG-KAN-117,NG,Kano,KANO DISTRICT 3,37.0,31,True,False,False,2,7.692726,4.534337,Under Construction,2010
FAC-00209,KANO DISTRICT 3 District Hospital-209,District Hospital,4,NG-KAN-117,NG,Kano,KANO DISTRICT 3,691.0,219,True,True,True,9,7.700337,4.570986,Closed,1994
FAC-00210,KANO DISTRICT 3 Dispensary-210,Dispensary,1,NG-KAN-117,NG,Kano,KANO DISTRICT 3,94.0,41,False,False,False,0,7.672845,4.532948,Operational,1993
FAC-00211,KANO DISTRICT 3 Clinic-211,Clinic,2,NG-KAN-117,NG,Kano,KANO DISTRICT 3,,26,False,False,True,2,7.678292,4.575793,Operational,2006
FAC-00212,Kaduna District 1 Dispensary-212,Dispensary,1,NG-KAD-118,NG,Kaduna,Kaduna District 1,74.0,38,False,True,False,0,6.476488,7.297449,Under Construction,2011
FAC-00213,Kaduna District 1 Clinic-213,Clinic,2,NG-KAD-119,NG,Kaduna,Kaduna District 1,44.0,42,False,True,False,2,9.761158,12.584222,Operational,1993
FAC-00214,Kaduna District 1 Dispensary-214,Dispensary,1,NG-KAD-120,NG,Kaduna,Kaduna District 1,90.0,19,False,True,True,0,10.89146,9.611449,Operational,1991
FAC-00215,KADUNA DISTRICT 2 Clinic-215,Clinic,2,NG-KAD-121,NG,Kaduna,KADUNA DISTRICT 2,7.0,12,False,False,True,0,10.78902,10.347487,Operational,1994
FAC-00216,Kaduna District 2 Dispensary-216,Dispensary,1,NG-KAD-122,NG,Kaduna,Kaduna District 2,16.0,14,False,False,False,0,8.32663,6.375186,Operational,2009
FAC-00217,Kaduna District 3 Dispensary-217,Dispensary,1,NG-KAD-123,NG,Kaduna,Kaduna District 3,6.0,11,False,False,True,2,7.507254,12.278548,Operational,1997
FAC-00218,Kaduna District 3 Dispensary-218,Dispensary,1,NG-KAD-124,NG,Kaduna,Kaduna District 3,52.0,47,False,False,True,0,11.876533,5.473775,Operational,2005
FAC-00219,Kaduna District 3 Dispensary-219,Dispensary,1,NG-KAD-125,NG,Kaduna,Kaduna District 3,25.0,34,False,False,False,0,13.132633,14.428349,Operational,1992
FAC-00220,Rivers District 1 Clinic-220,Clinic,2,NG-RIV-126,NG,Rivers,Rivers District 1,29.0,24,True,False,False,1,12.432566,12.174616,Under Construction,1995
FAC-00221,Rivers District 1 Dispensary-221,Dispensary,1,NG-RIV-127,NG,Rivers,Rivers District 1,48.0,15,False,False,True,1,10.753018,4.322425,Operational,2015
FAC-00222,Rivers District 1 Health Center-222,Health Center,3,NG-RIV-128,NG,Rivers,Rivers District 1,32.0,30,False,False,False,1,8.791765,12.758608,Operational,2012
FAC-00223,Rivers District 1 Dispensary-223,Dispensary,1,NG-RIV-128,NG,Rivers,Rivers District 1,26.0,21,False,False,True,0,8.72091,12.813411,Operational,2017
FAC-00224,Rivers District 1 Dispensary-224,Dispensary,1,NG-RIV-128,NG,Rivers,Rivers District 1,74.0,13,False,False,False,0,8.787213,12.790747,Operational,2010
FAC-00225,Rivers District 1 Regional Hospital-225,Regional Hospital,5,NG-RIV-128,NG,Rivers,Rivers District 1,1448.0,501,True,True,True,8,8.811628,12.826602,Operational,2002
FAC-00226,Rivers District 1 Dispensary-226,Dispensary,1,NG-RIV-128,NG,Rivers,Rivers District 1,10.0,31,True,False,True,2,8.740471,12.777643,Operational,2008
FAC-00227,Rivers District 2 Dispensary-227,Dispensary,1,NG-RIV-129,NG,Rivers,Rivers District 2,82.0,24,True,False,False,0,7.930223,3.555233,Operational,1992
FAC-00228,Rivers District 2 Dispensary-228,Dispensary,1,NG-RIV-130,NG,Rivers,Rivers District 2,77.0,32,False,False,True,0,6.631881,11.109251,Under Construction,2003
FAC-00229,Rivers District 2 Health Center-229,Health Center,3,NG-RIV-130,NG,Rivers,Rivers District 2,57.0,40,True,True,False,0,6.579069,11.140935,Operational,2003
FAC-00230,Oyo District 1 Dispensary-230,Dispensary,1,NG-OYO-131,NG,Oyo,Oyo District 1,72.0,8,False,False,False,1,9.567627,10.396531,Operational,2019
FAC-00231,Oyo District 1 Clinic-231,Clinic,2,NG-OYO-131,NG,Oyo,Oyo District 1,15.0,25,False,False,True,2,9.597931,10.462391,Operational,1998
FAC-00232,Oyo District 1 Dispensary-232,Dispensary,1,NG-OYO-132,NG,Oyo,Oyo District 1,85.0,38,True,False,True,0,8.209262,8.531229,Operational,2008
FAC-00233,Oyo District 2 Dispensary-233,Dispensary,1,NG-OYO-133,NG,Oyo,Oyo District 2,97.0,26,False,False,False,0,8.792712,13.763057,Operational,2011
FAC-00234,Oyo District 2 Dispensary-234,Dispensary,1,NG-OYO-133,NG,Oyo,Oyo District 2,71.0,26,True,False,False,1,8.795865,13.752518,Under Construction,2007
FAC-00235,Oyo District 2 Clinic-235,Clinic,2,NG-OYO-133,NG,Oyo,Oyo District 2,16.0,10,False,False,False,1,8.814016,13.759118,Operational,2003
FAC-00236,Oyo District 2 Dispensary-236,Dispensary,1,NG-OYO-133,NG,Oyo,Oyo District 2,88.0,17,True,True,True,0,8.772641,13.722624,Operational,2010
FAC-00237,Oyo District 2 Clinic-237,Clinic,2,NG-OYO-133,NG,Oyo,Oyo District 2,68.0,46,True,False,False,2,8.797425,13.793642,Operational,2002
FAC-00238,Oyo District 2 Dispensary-238,Dispensary,1,NG-OYO-133,NG,Oyo,Oyo District 2,23.0,15,False,True,True,0,8.841955,13.800047,Operational,2001
FAC-00239,Oyo District 2 Dispensary-239,Dispensary,1,NG-OYO-133,NG,Oyo,Oyo District 2,37.0,49,False,False,True,1,8.832609,13.716935,Operational,2012
FAC-00240,Oyo District 2 District Hospital-240,District Hospital,4,NG-OYO-133,NG,Oyo,Oyo District 2,523.0,260,True,True,True,8,8.835235,13.721049,Operational,2009
FAC-00241,Oyo District 2 Dispensary-241,Dispensary,1,NG-OYO-133,NG,Oyo,Oyo District 2,80.0,19,False,False,False,0,8.805161,13.771187,Operational,2007
FAC-00242,Oyo District 2 Health Center-242,Health Center,3,NG-OYO-133,NG,Oyo,Oyo District 2,77.0,43,False,True,False,2,8.775613,13.765218,Operational,2006
FAC-00243,Oyo District 2 Dispensary-243,Dispensary,1,NG-OYO-133,NG,Oyo,Oyo District 2,16.0,39,False,False,True,2,8.781269,13.767685,Operational,2012
FAC-00244,Oyo District 2 Dispensary-244,Dispensary,1,NG-OYO-133,NG,Oyo,Oyo District 2,42.0,32,False,False,False,0,8.796507,13.742452,Operational,2023
FAC-00245,Oyo District 2 Clinic-245,Clinic,2,NG-OYO-133,NG,Oyo,Oyo District 2,71.0,32,False,True,False,2,8.7702,13.748826,Operational,2022
FAC-00246,Oyo District 2 Clinic-246,Clinic,2,NG-OYO-133,NG,Oyo,Oyo District 2,38.0,32,False,True,False,0,8.863633,13.745798,Operational,2007
FAC-00247,Oyo District 2 Dispensary-247,Dispensary,1,NG-OYO-133,NG,Oyo,Oyo District 2,47.0,35,False,False,False,2,8.829547,13.74828,Operational,2001
FAC-00248,Oyo District 2 Clinic-248,Clinic,2,NG-OYO-133,NG,Oyo,Oyo District 2,35.0,8,True,False,True,0,8.819515,13.808223,Operational,2016
FAC-00249,Oyo District 2 Health Center-249,Health Center,3,NG-OYO-133,NG,Oyo,Oyo District 2,68.0,31,False,False,True,1,8.817754,13.724826,Operational,2012
FAC-00250,Oyo District 2 Clinic-250,Clinic,2,NG-OYO-133,NG,Oyo,Oyo District 2,22.0,13,True,False,True,0,8.772063,13.808895,Operational,1994
FAC-00251,Oyo District 2 Health Center-251,Health Center,3,NG-OYO-133,NG,Oyo,Oyo District 2,53.0,17,True,False,False,1,8.804588,13.794502,Operational,2010
FAC-00252,Oyo District 2 Clinic-252,Clinic,2,NG-OYO-133,NG,Oyo,Oyo District 2,25.0,48,False,False,False,2,8.782889,13.756225,Operational,2000
FAC-00253,Oyo District 2 Health Center-253,Health Center,3,NG-OYO-133,NG,Oyo,Oyo District 2,21.0,39,False,False,False,1,8.7891,13.751335,Operational,2006
FAC-00254,Oyo District 2 Dispensary-254,Dispensary,1,NG-OYO-133,NG,Oyo,Oyo District 2,23.0,31,False,False,False,0,8.772767,13.786407,Operational,1994
FAC-00255,Oyo District 2 Dispensary-255,Dispensary,1,NG-OYO-133,NG,Oyo,Oyo District 2,24.0,45,True,False,False,1,8.820259,13.721188,Operational,1995
FAC-00256,Oyo District 2 Clinic-256,Clinic,2,NG-OYO-133,NG,Oyo,Oyo District 2,79.0,37,False,False,False,1,8.818202,13.769549,Under Construction,2003
FAC-00257,Oyo District 2 Clinic-257,Clinic,2,NG-OYO-133,NG,Oyo,Oyo District 2,96.0,8,False,False,True,2,8.854365,13.755736,Operational,2021
FAC-00258,Oyo District 2 Health Center-258,Health Center,3,NG-OYO-133,NG,Oyo,Oyo District 2,67.0,42,False,False,False,2,8.861607,13.713733,Operational,2018
FAC-00259,Oyo District 2 Regional Hospital-259,Regional Hospital,5,NG-OYO-133,NG,Oyo,Oyo District 2,1405.0,519,True,True,True,18,8.833416,13.793801,Operational,2019
FAC-00260,Oyo District 2 Dispensary-260,Dispensary,1,NG-OYO-133,NG,Oyo,Oyo District 2,51.0,39,True,False,True,2,8.769201,13.716237,Operational,1990
FAC-00261,Oyo District 2 District Hospital-261,District Hospital,4,NG-OYO-133,NG,Oyo,Oyo District 2,340.0,235,True,True,True,6,8.851162,13.792739,Under Construction,1991
FAC-00262,Oyo District 2 Health Center-262,Health Center,3,NG-OYO-133,NG,Oyo,Oyo District 2,27.0,13,True,False,False,1,8.77557,13.746703,Operational,2002
FAC-00263,Oyo District 2 Dispensary-263,Dispensary,1,NG-OYO-133,NG,Oyo,Oyo District 2,38.0,49,True,False,False,0,8.780262,13.796028,Operational,1991
FAC-00264,Oyo District 2 District Hospital-264,District Hospital,4,NG-OYO-133,NG,Oyo,Oyo District 2,212.0,283,True,True,True,8,8.79008,13.798161,Operational,2012
FAC-00265,Oyo District 2 Dispensary-265,Dispensary,1,NG-OYO-133,NG,Oyo,Oyo District 2,,31,False,False,True,1,8.833017,13.809719,Operational,2008
FAC-00266,Oyo District 2 Dispensary-266,Dispensary,1,NG-OYO-133,NG,Oyo,Oyo District 2,90.0,35,False,False,False,0,8.851112,13.767287,Operational,2003
FAC-00267,Oyo District 2 Clinic-267,Clinic,2,NG-OYO-133,NG,Oyo,Oyo District 2,57.0,28,False,False,True,2,8.846504,13.738962,Operational,2003
FAC-00268,Oyo District 2 Dispensary-268,Dispensary,1,NG-OYO-133,NG,Oyo,Oyo District 2,79.0,45,False,True,False,0,8.773654,13.739438,Operational,2012
FAC-00269,Oyo District 2 Clinic-269,Clinic,2,NG-OYO-133,NG,Oyo,Oyo District 2,12.0,45,True,False,True,1,8.779158,13.747844,Operational,2016
FAC-00270,Oyo District 2 Dispensary-270,Dispensary,1,NG-OYO-133,NG,Oyo,Oyo District 2,72.0,40,False,False,False,1,8.806701,13.808229,Operational,2012
FAC-00271,Oyo District 2 Clinic-271,Clinic,2,NG-OYO-133,NG,Oyo,Oyo District 2,37.0,31,False,True,True,0,8.840274,13.77846,Closed,2000
FAC-00272,Oyo District 2 Dispensary-272,Dispensary,1,NG-OYO-133,NG,Oyo,Oyo District 2,51.0,29,True,False,False,1,8.868916,13.722302,Operational,2017
FAC-00273,Oyo District 2 Dispensary-273,Dispensary,1,NG-OYO-133,NG,Oyo,Oyo District 2,51.0,22,False,True,False,1,8.787571,13.767028,Operational,1991
FAC-00274,Oyo District 2 Health Center-274,Health Center,3,NG-OYO-133,NG,Oyo,Oyo District 2,77.0,42,False,False,False,2,8.844371,13.715415,Operational,1997
FAC-00275,Oyo District 2 Dispensary-275,Dispensary,1,NG-OYO-133,NG,Oyo,Oyo District 2,22.0,7,False,False,False,1,8.788891,13.800843,Operational,2002
FAC-00276,Oyo District 2 District Hospital-276,District Hospital,4,NG-OYO-133,NG,Oyo,Oyo District 2,317.0,153,True,True,True,3,8.82335,13.721808,Operational,2002
FAC-00277,Oyo District 2 Clinic-277,Clinic,2,NG-OYO-133,NG,Oyo,Oyo District 2,28.0,6,False,False,True,1,8.842589,13.744845,Under Construction,2013
FAC-00278,Oyo District 2 Dispensary-278,Dispensary,1,NG-OYO-133,NG,Oyo,Oyo District 2,29.0,40,False,False,True,1,8.846368,13.789113,Operational,2001
FAC-00279,Oyo District 2 Health Center-279,Health Center,3,NG-OYO-133,NG,Oyo,Oyo District 2,57.0,46,False,False,True,2,8.81252,13.745031,Operational,1996
FAC-00280,Oyo District 2 Clinic-280,Clinic,2,NG-OYO-133,NG,Oyo,Oyo District 2,16.0,20,False,False,False,2,8.836527,13.766517,Operational,2012
FAC-00281,Oyo District 2 Dispensary-281,Dispensary,1,NG-OYO-133,NG,Oyo,Oyo District 2,76.0,49,True,False,False,1,8.862707,13.77215,Operational,2012
FAC-00282,Oyo District 2 Dispensary-282,Dispensary,1,NG-OYO-133,NG,Oyo,Oyo District 2,8.0,30,True,False,False,0,8.833428,13.76795,Operational,2006
FAC-00283,Oyo District 2 Health Center-283,Health Center,3,NG-OYO-133,NG,Oyo,Oyo District 2,75.0,46,False,False,False,0,8.783665,13.792933,Operational,2020
FAC-00284,Oyo District 2 Dispensary-284,Dispensary,1,NG-OYO-133,NG,Oyo,Oyo District 2,69.0,42,False,False,False,1,8.775189,13.726551,Operational,2000
FAC-00285,Oyo District 2 District Hospital-285,District Hospital,4,NG-OYO-133,NG,Oyo,Oyo District 2,621.0,254,True,True,True,3,8.793158,13.761881,Operational,1994
FAC-00286,Oyo District 2 Dispensary-286,Dispensary,1,NG-OYO-133,NG,Oyo,Oyo District 2,66.0,26,False,False,False,1,8.773359,13.728396,Operational,2022
FAC-00287,Oyo District 2 Health Center-287,Health Center,3,NG-OYO-133,NG,Oyo,Oyo District 2,79.0,17,False,False,False,1,8.788662,13.806964,Closed,2015
FAC-00288,Oyo District 2 Clinic-288,Clinic,2,NG-OYO-133,NG,Oyo,Oyo District 2,80.0,15,False,False,True,0,8.831203,13.809939,Operational,2018
FAC-00289,Oyo District 2 Dispensary-289,Dispensary,1,NG-OYO-133,NG,Oyo,Oyo District 2,21.0,47,False,False,False,2,8.785136,13.759511,Operational,2019
FAC-00290,Oyo District 2 Dispensary-290,Dispensary,1,NG-OYO-133,NG,Oyo,Oyo District 2,43.0,21,False,False,False,2,8.829275,13.795362,Operational,2017
FAC-00291,Oyo District 2 Dispensary-291,Dispensary,1,NG-OYO-133,NG,Oyo,Oyo District 2,46.0,47,True,False,False,0,8.841855,13.721361,Operational,2018
FAC-00292,Oyo District 2 Clinic-292,Clinic,2,NG-OYO-133,NG,Oyo,Oyo District 2,17.0,49,False,True,False,1,8.864454,13.761289,Operational,1996
FAC-00293,Oyo District 2 Clinic-293,Clinic,2,NG-OYO-134,NG,Oyo,Oyo District 2,88.0,24,True,True,False,0,10.301132,9.543851,Closed,2018
FAC-00294,Oyo District 2 Clinic-294,Clinic,2,NG-OYO-135,NG,Oyo,Oyo District 2,95.0,22,True,True,False,0,13.426122,14.600596,Operational,1994
FAC-00295,Oyo District 2 Regional Hospital-295,Regional Hospital,5,NG-OYO-135,NG,Oyo,Oyo District 2,1924.0,477,True,True,True,6,13.483897,14.572489,Operational,2000
FAC-00296,Borno District 1 Dispensary-296,Dispensary,1,NG-BOR-136,NG,Borno,Borno District 1,25.0,39,False,True,False,1,6.357841,11.897255,Operational,2003
FAC-00297,Borno District 1 Dispensary-297,Dispensary,1,NG-BOR-137,NG,Borno,Borno District 1,88.0,19,True,False,True,1,11.251726,3.612658,Operational,2016
FAC-00298,Borno District 1 Health Center-298,Health Center,3,NG-BOR-138,NG,Borno,Borno District 1,19.0,39,False,True,False,0,10.563859,12.966792,Operational,2013
FAC-00299,Borno District 2 Dispensary-299,Dispensary,1,NG-BOR-139,NG,Borno,Borno District 2,71.0,38,False,True,True,0,7.971806,4.36619,Operational,1995
FAC-00300,Borno District 2 District Hospital-300,District Hospital,4,NG-BOR-139,NG,Borno,Borno District 2,590.0,202,True,True,True,7,7.879714,4.370756,Under Construction,2011
FAC-00301,Borno District 2 Dispensary-301,Dispensary,1,NG-BOR-140,NG,Borno,Borno District 2,96.0,16,False,False,False,1,6.586087,10.291758,Under Construction,2014
FAC-00302,Borno District 2 Clinic-302,Clinic,2,NG-BOR-141,NG,Borno,Borno District 2,55.0,18,False,False,False,0,7.357351,7.886365,Operational,2010
FAC-00303,Enugu District 1 Clinic-303,Clinic,2,NG-ENU-142,NG,Enugu,Enugu District 1,20.0,35,False,True,False,1,6.782853,11.742431,Operational,2006
FAC-00304,Enugu District 1 Dispensary-304,Dispensary,1,NG-ENU-143,NG,Enugu,Enugu District 1,56.0,29,False,True,False,2,12.752415,7.043107,Under Construction,2013
FAC-00305,Enugu District 2 Clinic-305,Clinic,2,NG-ENU-144,NG,Enugu,Enugu District 2,19.0,36,False,False,False,2,4.652716,11.422339,Operational,2018
FAC-00306,Enugu District 2 Clinic-306,Clinic,2,NG-ENU-145,NG,Enugu,Enugu District 2,74.0,10,False,False,False,0,4.306207,12.375365,Operational,1992
FAC-00307,Others District 1 Clinic-307,Clinic,2,NG-OTH-146,NG,Others,Others District 1,36.0,36,True,False,True,1,8.500618,10.532302,Operational,1993
FAC-00308,Others District 1 Clinic-308,Clinic,2,NG-OTH-147,NG,Others,Others District 1,33.0,23,False,False,True,1,10.724652,4.95584,Under Construction,2002
FAC-00309,Others District 1 Dispensary-309,Dispensary,1,NG-OTH-148,NG,Others,Others District 1,66.0,39,False,True,False,2,8.642537,2.680979,Operational,2011
FAC-00310,Others District 2 Dispensary-310,Dispensary,1,NG-OTH-149,NG,Others,Others District 2,76.0,11,False,False,False,1,4.391006,11.862756,Operational,2022
FAC-00311,Others District 2 Clinic-311,Clinic,2,NG-OTH-149,NG,Others,Others District 2,57.0,15,False,False,True,0,4.373667,11.901993,Operational,2022
FAC-00312,Others District 2 Clinic-312,Clinic,2,NG-OTH-149,NG,Others,Others District 2,23.0,26,True,False,True,0,4.398602,11.940026,Operational,2012
FAC-00313,Others District 2 Health Center-313,Health Center,3,NG-OTH-149,NG,Others,Others District 2,23.0,33,False,False,False,0,4.301545,11.906552,Closed,1991
FAC-00314,Others District 2 Dispensary-314,Dispensary,1,NG-OTH-149,NG,Others,Others District 2,73.0,32,False,True,False,1,4.320841,11.91351,Operational,1992
FAC-00315,Others District 2 Health Center-315,Health Center,3,NG-OTH-149,NG,Others,Others District 2,93.0,39,True,False,False,1,4.360761,11.869238,Operational,2009
FAC-00316,Others District 2 Clinic-316,Clinic,2,NG-OTH-149,NG,Others,Others District 2,58.0,24,False,False,True,2,4.301908,11.958042,Operational,1999
FAC-00317,Others District 2 Clinic-317,Clinic,2,NG-OTH-149,NG,Others,Others District 2,52.0,10,False,False,True,0,4.317805,11.873247,Operational,2004
FAC-00318,Others District 2 Health Center-318,Health Center,3,NG-OTH-149,NG,Others,Others District 2,55.0,25,False,False,True,2,4.305446,11.924289,Operational,1996
FAC-00319,Others District 2 Health Center-319,Health Center,3,NG-OTH-149,NG,Others,Others District 2,40.0,23,True,False,False,0,4.374338,11.883007,Operational,1999
FAC-00320,Others District 2 National Hospital-320,National Hospital,6,NG-OTH-149,NG,Others,Others District 2,553.0,889,True,True,True,7,4.389403,11.86997,Operational,2004
FAC-00321,Others District 2 Dispensary-321,Dispensary,1,NG-OTH-149,NG,Others,Others District 2,77.0,31,False,False,False,1,4.367465,11.931627,Operational,2012
FAC-00322,Others District 2 District Hospital-322,District Hospital,4,NG-OTH-149,NG,Others,Others District 2,635.0,146,True,True,True,9,4.325235,11.882981,Operational,2023
FAC-00323,Others District 2 District Hospital-323,District Hospital,4,NG-OTH-149,NG,Others,Others District 2,260.0,277,True,True,True,4,4.321931,11.92125,Operational,2019
FAC-00324,Others District 2 Dispensary-324,Dispensary,1,NG-OTH-149,NG,Others,Others District 2,14.0,22,False,False,True,1,4.379074,11.901285,Operational,2016
FAC-00325,Others District 2 Clinic-325,Clinic,2,NG-OTH-149,NG,Others,Others District 2,55.0,46,False,False,False,0,4.327282,11.898385,Under Construction,1998
FAC-00326,Others District 2 Regional Hospital-326,Regional Hospital,5,NG-OTH-149,NG,Others,Others District 2,1710.0,969,True,True,True,17,4.387769,11.925335,Operational,2004
FAC-00327,Others District 2 District Hospital-327,District Hospital,4,NG-OTH-149,NG,Others,Others District 2,262.0,249,True,True,True,9,4.344789,11.863731,Operational,1996
FAC-00328,Others District 2 District Hospital-328,District Hospital,4,NG-OTH-149,NG,Others,Others District 2,287.0,167,True,True,True,5,4.310936,11.937984,Operational,1990
FAC-00329,Others District 2 Dispensary-329,Dispensary,1,NG-OTH-149,NG,Others,Others District 2,89.0,33,False,False,False,0,4.372454,11.944189,Operational,1993
FAC-00330,Others District 2 Clinic-330,Clinic,2,NG-OTH-149,NG,Others,Others District 2,72.0,16,False,False,True,2,4.335776,11.944396,Operational,2021
FAC-00331,Others District 2 Dispensary-331,Dispensary,1,NG-OTH-149,NG,Others,Others District 2,9.0,40,False,False,False,1,4.388029,11.871797,Operational,2011
FAC-00332,Others District 2 Clinic-332,Clinic,2,NG-OTH-149,NG,Others,Others District 2,9.0,46,False,False,False,2,4.344318,11.922595,Operational,2012
FAC-00333,Others District 2 Health Center-333,Health Center,3,NG-OTH-149,NG,Others,Others District 2,50.0,27,True,True,False,0,4.373637,11.913033,Operational,2022
FAC-00334,Others District 2 Clinic-334,Clinic,2,NG-OTH-149,NG,Others,Others District 2,36.0,46,True,False,True,2,4.322633,11.913462,Operational,2003
FAC-00335,Others District 2 Health Center-335,Health Center,3,NG-OTH-149,NG,Others,Others District 2,51.0,23,True,False,False,1,4.356085,11.903118,Operational,2008
FAC-00336,Others District 2 Dispensary-336,Dispensary,1,NG-OTH-149,NG,Others,Others District 2,44.0,46,True,False,False,0,4.357938,11.863754,Under Construction,2018
FAC-00337,Others District 2 Clinic-337,Clinic,2,NG-OTH-149,NG,Others,Others District 2,92.0,30,True,False,False,0,4.320829,11.912321,Operational,2006
FAC-00338,Others District 2 Dispensary-338,Dispensary,1,NG-OTH-149,NG,Others,Others District 2,7.0,19,False,False,True,0,4.301395,11.933884,Operational,1990
FAC-00339,Others District 2 Clinic-339,Clinic,2,NG-OTH-149,NG,Others,Others District 2,90.0,20,False,False,False,0,4.345526,11.879884,Under Construction,2004
FAC-00340,Others District 2 Clinic-340,Clinic,2,NG-OTH-149,NG,Others,Others District 2,57.0,34,False,False,True,0,4.307094,11.949275,Operational,2004
FAC-00341,Others District 2 District Hospital-341,District Hospital,4,NG-OTH-149,NG,Others,Others District 2,248.0,272,True,True,True,3,4.337944,11.941921,Operational,2018
FAC-00342,Others District 2 Clinic-342,Clinic,2,NG-OTH-149,NG,Others,Others District 2,97.0,7,True,False,False,2,4.37106,11.898988,Operational,2000
FAC-00343,Others District 2 Dispensary-343,Dispensary,1,NG-OTH-149,NG,Others,Others District 2,95.0,34,False,False,True,2,4.363596,11.871077,Operational,2014
FAC-00344,Others District 2 Clinic-344,Clinic,2,NG-OTH-149,NG,Others,Others District 2,77.0,41,False,False,False,0,4.30186,11.882264,Operational,1996
FAC-00345,Others District 2 Dispensary-345,Dispensary,1,NG-OTH-149,NG,Others,Others District 2,96.0,10,True,False,False,0,4.343713,11.93897,Under Construction,2011
FAC-00346,Others District 2 Dispensary-346,Dispensary,1,NG-OTH-149,NG,Others,Others District 2,80.0,46,False,False,True,0,4.33178,11.88569,Operational,2019
FAC-00347,Others District 2 Dispensary-347,Dispensary,1,NG-OTH-149,NG,Others,Others District 2,14.0,48,True,True,False,2,4.338677,11.943723,Operational,2021
FAC-00348,Others District 2 Clinic-348,Clinic,2,NG-OTH-149,NG,Others,Others District 2,66.0,42,True,False,False,0,4.332848,11.888491,Operational,2002
FAC-00349,Others District 2 Dispensary-349,Dispensary,1,NG-OTH-149,NG,Others,Others District 2,11.0,26,False,False,False,1,4.376482,11.880312,Operational,2009
FAC-00350,Others District 2 Clinic-350,Clinic,2,NG-OTH-149,NG,Others,Others District 2,32.0,12,False,False,False,0,4.389243,11.943973,Operational,1995
FAC-00351,Others District 2 Clinic-351,Clinic,2,NG-OTH-149,NG,Others,Others District 2,63.0,44,False,False,False,2,4.384884,11.886441,Operational,2016
FAC-00352,Others District 2 Dispensary-352,Dispensary,1,NG-OTH-149,NG,Others,Others District 2,47.0,35,False,False,False,2,4.324547,11.865575,Operational,2000
FAC-00353,Others District 2 Clinic-353,Clinic,2,NG-OTH-149,NG,Others,Others District 2,58.0,15,False,False,True,1,4.301835,11.937975,Operational,2021
FAC-00354,Others District 2 Clinic-354,Clinic,2,NG-OTH-149,NG,Others,Others District 2,59.0,19,True,False,False,2,4.34063,11.900599,Operational,2018
FAC-00355,Others District 2 Dispensary-355,Dispensary,1,NG-OTH-149,NG,Others,Others District 2,47.0,6,True,False,False,1,4.387238,11.899453,Operational,2017
FAC-00356,Others District 2 Clinic-356,Clinic,2,NG-OTH-149,NG,Others,Others District 2,63.0,9,False,False,False,2,4.346514,11.955533,Operational,2021
FAC-00357,Others District 2 Clinic-357,Clinic,2,NG-OTH-149,NG,Others,Others District 2,22.0,31,False,True,False,2,4.363561,11.866979,Operational,2014
FAC-00358,Others District 2 Dispensary-358,Dispensary,1,NG-OTH-149,NG,Others,Others District 2,78.0,26,False,False,False,2,4.320814,11.865774,Operational,2006
FAC-00359,Others District 2 Dispensary-359,Dispensary,1,NG-OTH-150,NG,Others,Others District 2,18.0,24,False,False,False,1,7.536849,13.334216,Closed,1992
FAC-00360,Others District 2 Dispensary-360,Dispensary,1,NG-OTH-151,NG,Others,Others District 2,94.0,34,True,False,True,0,6.255066,9.040046,Operational,2011
FAC-00361,Others District 2 Dispensary-361,Dispensary,1,NG-OTH-151,NG,Others,Others District 2,33.0,44,True,False,False,1,6.251226,9.047632,Operational,2016
FAC-00362,Others District 2 Dispensary-362,Dispensary,1,NG-OTH-152,NG,Others,Others District 2,92.0,13,True,False,False,2,7.011588,6.145527,Under Construction,2019
FAC-00363,Others District 3 Health Center-363,Health Center,3,NG-OTH-153,NG,Others,Others District 3,57.0,16,False,False,True,0,11.56377,11.49229,Operational,2023
FAC-00364,Others District 3 Dispensary-364,Dispensary,1,NG-OTH-154,NG,Others,Others District 3,54.0,42,True,False,False,1,6.763857,11.525322,Operational,2012
FAC-00365,Others District 3 Dispensary-365,Dispensary,1,NG-OTH-155,NG,Others,Others District 3,68.0,12,True,True,True,0,4.513102,13.369931,Operational,2015
FAC-00366,Others District 4 Dispensary-366,Dispensary,1,NG-OTH-156,NG,Others,Others District 4,99.0,22,False,True,True,1,9.811077,13.599406,Operational,2021
FAC-00367,Others District 4 Health Center-367,Health Center,3,NG-OTH-157,NG,Others,Others District 4,68.0,42,False,True,False,1,9.319896,13.84139,Operational,2020
FAC-00368,Others District 5 Clinic-368,Clinic,2,NG-OTH-158,NG,Others,Others District 5,61.0,46,False,False,False,0,5.55158,3.338877,Operational,2004
FAC-00369,Others District 5 Clinic-369,Clinic,2,NG-OTH-159,NG,Others,Others District 5,83.0,43,False,False,True,0,11.772391,5.746535,Operational,2001
FAC-00370,Others District 5 Dispensary-370,Dispensary,1,NG-OTH-160,NG,Others,Others District 5,87.0,11,False,False,True,0,4.848041,2.892288,Operational,2002
FAC-00371,Others District 5 Dispensary-371,Dispensary,1,NG-OTH-161,NG,Others,Others District 5,10.0,23,False,False,False,0,8.836837,9.829263,Operational,2021
FAC-00372,Others District 6 Clinic-372,Clinic,2,NG-OTH-162,NG,Others,Others District 6,67.0,42,True,False,True,0,13.235048,2.678571,Under Construction,1997
FAC-00373,Others District 6 Dispensary-373,Dispensary,1,NG-OTH-163,NG,Others,Others District 6,,10,True,False,False,1,4.283748,2.722946,Operational,1994
FAC-00374,Others District 6 Dispensary-374,Dispensary,1,NG-OTH-164,NG,Others,Others District 6,93.0,45,True,False,True,2,12.058825,13.610958,Under Construction,2009
FAC-00375,Others District 7 Clinic-375,Clinic,2,NG-OTH-165,NG,Others,Others District 7,85.0,40,False,True,True,0,4.729459,6.215154,Under Construction,1997
FAC-00376,Others District 7 Clinic-376,Clinic,2,NG-OTH-166,NG,Others,Others District 7,94.0,17,True,False,False,2,4.311525,13.730238,Operational,2019
FAC-00377,Gauteng District 1 Dispensary-377,Dispensary,1,ZA-GAU-167,ZA,Gauteng,Gauteng District 1,97.0,34,True,True,True,1,-30.548167,26.645347,Operational,1998
FAC-00378,Gauteng District 1 Clinic-378,Clinic,2,ZA-GAU-168,ZA,Gauteng,Gauteng District 1,99.0,27,False,False,False,1,-22.033932,29.135483,Operational,1998
FAC-00379,Gauteng District 1 Clinic-379,Clinic,2,ZA-GAU-169,ZA,Gauteng,Gauteng District 1,16.0,37,True,False,True,0,-26.379808,25.388067,Operational,2000
FAC-00380,Gauteng District 1 Clinic-380,Clinic,2,ZA-GAU-170,ZA,Gauteng,Gauteng District 1,99.0,21,True,False,False,0,-24.242072,22.722786,Operational,1997
FAC-00381,Gauteng District 2 Dispensary-381,Dispensary,1,ZA-GAU-171,ZA,Gauteng,Gauteng District 2,15.0,28,False,False,True,0,-21.986291,19.853611,Operational,2017
FAC-00382,Gauteng District 2 Dispensary-382,Dispensary,1,ZA-GAU-172,ZA,Gauteng,Gauteng District 2,41.0,8,True,False,False,1,-22.919738,24.613049,Operational,2008
FAC-00383,Gauteng District 3 Clinic-383,Clinic,2,ZA-GAU-173,ZA,Gauteng,Gauteng District 3,60.0,32,True,False,False,0,-32.493673,31.426258,Operational,2016
FAC-00384,Gauteng District 3 Health Center-384,Health Center,3,ZA-GAU-173,ZA,Gauteng,Gauteng District 3,20.0,16,True,False,False,2,-32.542006,31.357024,Operational,1998
FAC-00385,Gauteng District 3 Dispensary-385,Dispensary,1,ZA-GAU-173,ZA,Gauteng,Gauteng District 3,68.0,44,True,False,True,1,-32.498005,31.410779,Operational,2015
FAC-00386,Gauteng District 3 Dispensary-386,Dispensary,1,ZA-GAU-174,ZA,Gauteng,Gauteng District 3,91.0,35,False,False,True,1,-23.275363,30.245227,Operational,2019
FAC-00387,Gauteng District 3 Dispensary-387,Dispensary,1,ZA-GAU-174,ZA,Gauteng,Gauteng District 3,25.0,29,False,True,False,0,-23.332777,30.286279,Under Construction,2004
FAC-00388,Gauteng District 3 Clinic-388,Clinic,2,ZA-GAU-174,ZA,Gauteng,Gauteng District 3,25.0,28,False,False,True,0,-23.322678,30.219582,Operational,2010
FAC-00389,Gauteng District 3 Dispensary-389,Dispensary,1,ZA-GAU-174,ZA,Gauteng,Gauteng District 3,90.0,44,False,False,False,2,-23.250203,30.226337,Operational,1994
FAC-00390,Gauteng District 3 Health Center-390,Health Center,3,ZA-GAU-174,ZA,Gauteng,Gauteng District 3,57.0,41,False,False,True,2,-23.284984,30.291951,Operational,2019
FAC-00391,Gauteng District 3 Dispensary-391,Dispensary,1,ZA-GAU-174,ZA,Gauteng,Gauteng District 3,80.0,43,False,False,False,1,-23.319845,30.260419,Operational,2020
FAC-00392,Gauteng District 3 Dispensary-392,Dispensary,1,ZA-GAU-174,ZA,Gauteng,Gauteng District 3,60.0,38,True,True,False,2,-23.322643,30.317007,Operational,2010
FAC-00393,Gauteng District 3 Dispensary-393,Dispensary,1,ZA-GAU-174,ZA,Gauteng,Gauteng District 3,26.0,42,False,False,False,2,-23.311651,30.23897,Operational,2006
FAC-00394,Gauteng District 3 Clinic-394,Clinic,2,ZA-GAU-174,ZA,Gauteng,Gauteng District 3,49.0,10,True,False,False,2,-23.262107,30.256525,Operational,1995
FAC-00395,Gauteng District 3 Dispensary-395,Dispensary,1,ZA-GAU-174,ZA,Gauteng,Gauteng District 3,62.0,27,False,False,True,0,-23.319492,30.28348,Operational,1993
FAC-00396,Gauteng District 3 Clinic-396,Clinic,2,ZA-GAU-174,ZA,Gauteng,Gauteng District 3,18.0,18,True,False,False,0,-23.267112,30.222468,Operational,2008
FAC-00397,Gauteng District 3 Health Center-397,Health Center,3,ZA-GAU-174,ZA,Gauteng,Gauteng District 3,39.0,36,False,False,False,1,-23.307123,30.243598,Operational,2021
FAC-00398,Gauteng District 4 Dispensary-398,Dispensary,1,ZA-GAU-175,ZA,Gauteng,Gauteng District 4,74.0,18,True,False,True,0,-29.202057,21.284692,Operational,2015
FAC-00399,Gauteng District 4 Health Center-399,Health Center,3,ZA-GAU-176,ZA,Gauteng,Gauteng District 4,70.0,35,True,False,False,2,-25.395083,18.212591,Under Construction,2005
FAC-00400,Gauteng District 4 Clinic-400,Clinic,2,ZA-GAU-177,ZA,Gauteng,Gauteng District 4,78.0,42,True,False,True,1,-22.767445,26.40099,Operational,2019
FAC-00401,Gauteng District 4 Clinic-401,Clinic,2,ZA-GAU-177,ZA,Gauteng,Gauteng District 4,8.0,33,False,False,True,2,-22.757088,26.339069,Under Construction,1995
FAC-00402,Gauteng District 4 Clinic-402,Clinic,2,ZA-GAU-177,ZA,Gauteng,Gauteng District 4,67.0,7,True,False,False,1,-22.772319,26.384468,Operational,2011
FAC-00403,Gauteng District 4 Dispensary-403,Dispensary,1,ZA-GAU-177,ZA,Gauteng,Gauteng District 4,39.0,26,False,False,True,0,-22.712802,26.314208,Operational,2012
FAC-00404,Gauteng District 4 Clinic-404,Clinic,2,ZA-GAU-177,ZA,Gauteng,Gauteng District 4,22.0,45,True,False,True,0,-22.781113,26.366277,Operational,2017
FAC-00405,Gauteng District 4 Health Center-405,Health Center,3,ZA-GAU-177,ZA,Gauteng,Gauteng District 4,29.0,14,False,False,True,1,-22.731339,26.31687,Operational,2023
FAC-00406,Gauteng District 4 District Hospital-406,District Hospital,4,ZA-GAU-177,ZA,Gauteng,Gauteng District 4,658.0,110,True,True,True,6,-22.72834,26.4091,Operational,1991
FAC-00407,Gauteng District 4 Dispensary-407,Dispensary,1,ZA-GAU-177,ZA,Gauteng,Gauteng District 4,46.0,22,True,False,True,1,-22.726039,26.384747,Under Construction,2001
FAC-00408,Gauteng District 4 Clinic-408,Clinic,2,ZA-GAU-177,ZA,Gauteng,Gauteng District 4,8.0,43,False,False,False,1,-22.784686,26.402055,Operational,2001
FAC-00409,Gauteng District 4 Clinic-409,Clinic,2,ZA-GAU-177,ZA,Gauteng,Gauteng District 4,47.0,21,True,False,False,2,-22.718795,26.321167,Operational,2018
FAC-00410,Gauteng District 4 Dispensary-410,Dispensary,1,ZA-GAU-177,ZA,Gauteng,Gauteng District 4,34.0,27,False,True,False,1,-22.767624,26.345071,Operational,2008
FAC-00411,Gauteng District 4 Health Center-411,Health Center,3,ZA-GAU-178,ZA,Gauteng,Gauteng District 4,25.0,41,False,False,False,2,-23.111784,30.060559,Operational,2007
FAC-00412,Gauteng District 5 District Hospital-412,District Hospital,4,ZA-GAU-179,ZA,Gauteng,Gauteng District 5,229.0,144,True,True,True,4,-23.576124,28.399876,Operational,2018
FAC-00413,Gauteng District 5 Clinic-413,Clinic,2,ZA-GAU-180,ZA,Gauteng,Gauteng District 5,56.0,40,True,False,True,0,-23.052313,31.32284,Operational,1993
FAC-00414,Gauteng District 5 Health Center-414,Health Center,3,ZA-GAU-180,ZA,Gauteng,Gauteng District 5,9.0,24,False,False,False,2,-23.092487,31.248357,Closed,2020
FAC-00415,Gauteng District 5 Dispensary-415,Dispensary,1,ZA-GAU-180,ZA,Gauteng,Gauteng District 5,23.0,46,False,False,False,1,-23.055761,31.338751,Operational,1999
FAC-00416,Gauteng District 5 Clinic-416,Clinic,2,ZA-GAU-180,ZA,Gauteng,Gauteng District 5,64.0,28,False,False,True,0,-23.076589,31.268128,Operational,2010
FAC-00417,Gauteng District 5 Dispensary-417,Dispensary,1,ZA-GAU-180,ZA,Gauteng,Gauteng District 5,30.0,16,False,False,True,2,-23.054342,31.318326,Operational,2013
FAC-00418,Gauteng District 5 Clinic-418,Clinic,2,ZA-GAU-180,ZA,Gauteng,Gauteng District 5,23.0,30,False,False,False,2,-23.087118,31.307882,Operational,1991
FAC-00419,Gauteng District 5 Dispensary-419,Dispensary,1,ZA-GAU-180,ZA,Gauteng,Gauteng District 5,6.0,34,True,True,False,1,-23.025245,31.272616,Operational,2005
FAC-00420,Gauteng District 5 Health Center-420,Health Center,3,ZA-GAU-180,ZA,Gauteng,Gauteng District 5,61.0,24,True,False,True,1,-23.071698,31.33312,Operational,2001
FAC-00421,Gauteng District 5 Regional Hospital-421,Regional Hospital,5,ZA-GAU-180,ZA,Gauteng,Gauteng District 5,1021.0,704,True,True,True,6,-23.035349,31.288505,Operational,2013
FAC-00422,Gauteng District 5 Clinic-422,Clinic,2,ZA-GAU-180,ZA,Gauteng,Gauteng District 5,6.0,35,False,True,False,0,-23.061863,31.296626,Operational,1999
FAC-00423,Gauteng District 5 Clinic-423,Clinic,2,ZA-GAU-180,ZA,Gauteng,Gauteng District 5,22.0,28,False,False,True,1,-23.034392,31.339379,Operational,2005
FAC-00424,Gauteng District 5 Dispensary-424,Dispensary,1,ZA-GAU-180,ZA,Gauteng,Gauteng District 5,60.0,29,False,False,False,0,-23.094187,31.315867,Operational,1994
FAC-00425,Gauteng District 5 Dispensary-425,Dispensary,1,ZA-GAU-180,ZA,Gauteng,Gauteng District 5,82.0,43,True,False,False,2,-23.035825,31.252971,Operational,2004
FAC-00426,Gauteng District 5 Health Center-426,Health Center,3,ZA-GAU-180,ZA,Gauteng,Gauteng District 5,45.0,48,False,False,False,1,-23.090726,31.270112,Under Construction,2020
FAC-00427,Gauteng District 5 Clinic-427,Clinic,2,ZA-GAU-180,ZA,Gauteng,Gauteng District 5,96.0,23,True,False,False,1,-23.023788,31.296808,Operational,1995
FAC-00428,Gauteng District 5 Dispensary-428,Dispensary,1,ZA-GAU-180,ZA,Gauteng,Gauteng District 5,99.0,26,False,False,True,1,-23.110054,31.271726,Operational,2000
FAC-00429,Gauteng District 5 Dispensary-429,Dispensary,1,ZA-GAU-180,ZA,Gauteng,Gauteng District 5,58.0,28,False,False,False,2,-23.06128,31.321481,Operational,1990
FAC-00430,Gauteng District 5 Clinic-430,Clinic,2,ZA-GAU-180,ZA,Gauteng,Gauteng District 5,33.0,24,False,False,True,1,-23.0457,31.306896,Operational,2009
FAC-00431,Gauteng District 5 Dispensary-431,Dispensary,1,ZA-GAU-180,ZA,Gauteng,Gauteng District 5,77.0,43,False,False,False,2,-23.100887,31.242803,Operational,2011
FAC-00432,Gauteng District 5 Health Center-432,Health Center,3,ZA-GAU-180,ZA,Gauteng,Gauteng District 5,76.0,12,False,False,True,1,-23.091766,31.317385,Operational,2001
FAC-00433,Gauteng District 5 Clinic-433,Clinic,2,ZA-GAU-180,ZA,Gauteng,Gauteng District 5,59.0,18,False,False,True,2,-23.069738,31.309165,Operational,2017
FAC-00434,Gauteng District 5 Dispensary-434,Dispensary,1,ZA-GAU-180,ZA,Gauteng,Gauteng District 5,76.0,11,False,False,False,2,-23.042506,31.273964,Under Construction,2013
FAC-00435,Gauteng District 5 Dispensary-435,Dispensary,1,ZA-GAU-180,ZA,Gauteng,Gauteng District 5,17.0,29,False,False,False,0,-23.079957,31.315859,Operational,2000
FAC-00436,Gauteng District 5 Clinic-436,Clinic,2,ZA-GAU-180,ZA,Gauteng,Gauteng District 5,91.0,49,False,False,True,2,-23.037974,31.286907,Operational,2003
FAC-00437,Gauteng District 5 Health Center-437,Health Center,3,ZA-GAU-180,ZA,Gauteng,Gauteng District 5,34.0,32,True,True,False,0,-23.032285,31.285443,Closed,2012
FAC-00438,Gauteng District 5 Clinic-438,Clinic,2,ZA-GAU-180,ZA,Gauteng,Gauteng District 5,11.0,26,False,True,False,0,-23.05937,31.298408,Operational,2022
FAC-00439,Gauteng District 5 Health Center-439,Health Center,3,ZA-GAU-180,ZA,Gauteng,Gauteng District 5,57.0,38,False,False,True,0,-23.115355,31.276599,Operational,1997
FAC-00440,Gauteng District 5 Clinic-440,Clinic,2,ZA-GAU-180,ZA,Gauteng,Gauteng District 5,87.0,40,False,False,False,1,-23.104715,31.257443,Under Construction,2020
FAC-00441,Gauteng District 5 Clinic-441,Clinic,2,ZA-GAU-180,ZA,Gauteng,Gauteng District 5,21.0,43,False,False,False,1,-23.111532,31.287918,Operational,2019
FAC-00442,Gauteng District 5 Clinic-442,Clinic,2,ZA-GAU-181,ZA,Gauteng,Gauteng District 5,94.0,11,True,False,False,0,-31.743166,30.428866,Operational,2011
FAC-00443,Gauteng District 5 Clinic-443,Clinic,2,ZA-GAU-182,ZA,Gauteng,Gauteng District 5,22.0,35,False,False,False,1,-26.205909,32.945053,Operational,1998
FAC-00444,Gauteng District 5 Dispensary-444,Dispensary,1,ZA-GAU-182,ZA,Gauteng,Gauteng District 5,80.0,33,False,False,False,0,-26.284466,32.861646,Operational,1996
FAC-00445,Gauteng District 5 Dispensary-445,Dispensary,1,ZA-GAU-182,ZA,Gauteng,Gauteng District 5,42.0,41,False,True,False,1,-26.204243,32.9088,Operational,2018
FAC-00446,Gauteng District 5 District Hospital-446,District Hospital,4,ZA-GAU-182,ZA,Gauteng,Gauteng District 5,649.0,271,True,True,True,8,-26.223731,32.928441,Operational,2005
FAC-00447,Gauteng District 5 Dispensary-447,Dispensary,1,ZA-GAU-182,ZA,Gauteng,Gauteng District 5,43.0,32,False,False,True,2,-26.280918,32.910436,Operational,2021
FAC-00448,Gauteng District 5 Dispensary-448,Dispensary,1,ZA-GAU-182,ZA,Gauteng,Gauteng District 5,43.0,19,False,True,True,2,-26.266648,32.888671,Operational,2002
FAC-00449,Gauteng District 5 Dispensary-449,Dispensary,1,ZA-GAU-182,ZA,Gauteng,Gauteng District 5,71.0,12,True,False,True,2,-26.284296,32.905329,Operational,1992
FAC-00450,Gauteng District 5 Dispensary-450,Dispensary,1,ZA-GAU-182,ZA,Gauteng,Gauteng District 5,64.0,18,True,False,False,0,-26.204643,32.940276,Operational,1990
FAC-00451,Gauteng District 5 Clinic-451,Clinic,2,ZA-GAU-182,ZA,Gauteng,Gauteng District 5,84.0,12,True,True,True,0,-26.274549,32.901856,Operational,2012
FAC-00452,Gauteng District 5 Dispensary-452,Dispensary,1,ZA-GAU-182,ZA,Gauteng,Gauteng District 5,73.0,47,True,False,False,0,-26.279201,32.850419,Operational,2016
FAC-00453,Gauteng District 5 Dispensary-453,Dispensary,1,ZA-GAU-182,ZA,Gauteng,Gauteng District 5,13.0,44,True,False,True,0,-26.190097,32.904986,Closed,2019
FAC-00454,Gauteng District 5 Clinic-454,Clinic,2,ZA-GAU-182,ZA,Gauteng,Gauteng District 5,73.0,29,False,False,False,1,-26.275641,32.883199,Operational,2002
FAC-00455,Gauteng District 5 Clinic-455,Clinic,2,ZA-GAU-182,ZA,Gauteng,Gauteng District 5,59.0,15,False,False,False,2,-26.203815,32.872466,Operational,2011
FAC-00456,Gauteng District 5 Health Center-456,Health Center,3,ZA-GAU-182,ZA,Gauteng,Gauteng District 5,23.0,22,True,False,True,2,-26.234689,32.856797,Operational,2015
FAC-00457,Gauteng District 5 Dispensary-457,Dispensary,1,ZA-GAU-182,ZA,Gauteng,Gauteng District 5,44.0,20,False,False,False,1,-26.273355,32.917546,Operational,1997
FAC-00458,Gauteng District 5 Health Center-458,Health Center,3,ZA-GAU-182,ZA,Gauteng,Gauteng District 5,90.0,25,False,False,True,1,-26.251333,32.916922,Operational,2012
FAC-00459,Gauteng District 5 Clinic-459,Clinic,2,ZA-GAU-182,ZA,Gauteng,Gauteng District 5,81.0,47,False,True,False,1,-26.23153,32.907029,Operational,1996
FAC-00460,Gauteng District 5 Dispensary-460,Dispensary,1,ZA-GAU-182,ZA,Gauteng,Gauteng District 5,88.0,31,False,False,False,1,-26.267301,32.901318,Operational,2012
FAC-00461,Gauteng District 5 Clinic-461,Clinic,2,ZA-GAU-182,ZA,Gauteng,Gauteng District 5,96.0,21,True,False,False,0,-26.196075,32.874258,Operational,2000
FAC-00462,KwaZulu-Natal District 1 Dispensary-462,Dispensary,1,ZA-KWA-183,ZA,KwaZulu-Natal,KwaZulu-Natal District 1,44.0,7,False,True,True,2,-32.162444,16.486165,Operational,1990
FAC-00463,KwaZulu-Natal District 1 Clinic-463,Clinic,2,ZA-KWA-184,ZA,KwaZulu-Natal,KwaZulu-Natal District 1,49.0,47,False,False,False,1,-26.546647,27.296621,Under Construction,1990
FAC-00464,KwaZulu-Natal District 2 Clinic-464,Clinic,2,ZA-KWA-185,ZA,KwaZulu-Natal,KwaZulu-Natal District 2,38.0,20,False,False,False,2,-28.588989,19.96442,Operational,2020
FAC-00465,KwaZulu-Natal District 2 Clinic-465,Clinic,2,ZA-KWA-186,ZA,KwaZulu-Natal,KwaZulu-Natal District 2,34.0,22,False,True,False,0,-30.215612,24.985274,Under Construction,2005
FAC-00466,KwaZulu-Natal District 2 Dispensary-466,Dispensary,1,ZA-KWA-187,ZA,KwaZulu-Natal,KwaZulu-Natal District 2,56.0,9,False,False,False,2,-29.688674,26.921777,Operational,2020
FAC-00467,KwaZulu-Natal District 2 Health Center-467,Health Center,3,ZA-KWA-188,ZA,KwaZulu-Natal,KwaZulu-Natal District 2,71.0,13,True,False,True,1,-24.216445,16.500006,Operational,1999
FAC-00468,KwaZulu-Natal District 3 Dispensary-468,Dispensary,1,ZA-KWA-189,ZA,KwaZulu-Natal,KwaZulu-Natal District 3,77.0,11,False,False,False,1,-25.474258,26.967866,Operational,2015
FAC-00469,KwaZulu-Natal District 3 Dispensary-469,Dispensary,1,ZA-KWA-190,ZA,KwaZulu-Natal,KwaZulu-Natal District 3,99.0,29,False,False,True,2,-30.378811,29.833432,Operational,1995
FAC-00470,KwaZulu-Natal District 4 Clinic-470,Clinic,2,ZA-KWA-191,ZA,KwaZulu-Natal,KwaZulu-Natal District 4,86.0,15,False,False,True,1,-31.784406,26.218073,Under Construction,2013
FAC-00471,KwaZulu-Natal District 4 Dispensary-471,Dispensary,1,ZA-KWA-191,ZA,KwaZulu-Natal,KwaZulu-Natal District 4,19.0,29,False,True,False,2,-31.72093,26.168289,Operational,2005
FAC-00472,KwaZulu-Natal District 4 Clinic-472,Clinic,2,ZA-KWA-191,ZA,KwaZulu-Natal,KwaZulu-Natal District 4,55.0,12,False,False,False,1,-31.75484,26.251602,Under Construction,2023
FAC-00473,KwaZulu-Natal District 4 Health Center-473,Health Center,3,ZA-KWA-191,ZA,KwaZulu-Natal,KwaZulu-Natal District 4,10.0,28,False,False,True,1,-31.735029,26.230305,Operational,2023
FAC-00474,KwaZulu-Natal District 4 Dispensary-474,Dispensary,1,ZA-KWA-192,ZA,KwaZulu-Natal,KwaZulu-Natal District 4,79.0,42,True,False,True,0,-31.145453,28.535858,Operational,2009
FAC-00475,Western Cape District 1 Dispensary-475,Dispensary,1,ZA-WES-193,ZA,Western Cape,Western Cape District 1,90.0,11,False,False,True,0,-33.54542,22.034274,Operational,1996
FAC-00476,Western Cape District 1 Dispensary-476,Dispensary,1,ZA-WES-194,ZA,Western Cape,Western Cape District 1,95.0,20,True,True,False,1,-33.982336,29.69671,Operational,2006
FAC-00477,Western Cape District 2 Clinic-477,Clinic,2,ZA-WES-195,ZA,Western Cape,Western Cape District 2,9.0,36,False,True,False,2,-32.41642,23.75887,Operational,2006
FAC-00478,Western Cape District 2 Clinic-478,Clinic,2,ZA-WES-196,ZA,Western Cape,Western Cape District 2,27.0,22,False,False,True,1,-32.191099,27.697419,Operational,2004
FAC-00479,Western Cape District 2 Health Center-479,Health Center,3,ZA-WES-196,ZA,Western Cape,Western Cape District 2,51.0,17,True,False,False,0,-32.126532,27.70232,Operational,2023
FAC-00480,Western Cape District 2 Clinic-480,Clinic,2,ZA-WES-197,ZA,Western Cape,Western Cape District 2,82.0,33,True,False,True,1,-27.276331,21.059725,Operational,2016
FAC-00481,Western Cape District 3 Health Center-481,Health Center,3,ZA-WES-198,ZA,Western Cape,Western Cape District 3,85.0,41,False,False,False,1,-23.981145,29.501188,Under Construction,2006
FAC-00482,Western Cape District 3 Health Center-482,Health Center,3,ZA-WES-199,ZA,Western Cape,Western Cape District 3,6.0,8,False,False,True,0,-23.529484,16.894087,Operational,1998
FAC-00483,Western Cape District 3 Clinic-483,Clinic,2,ZA-WES-199,ZA,Western Cape,Western Cape District 3,61.0,6,False,False,True,0,-23.531826,16.943412,Operational,2022
FAC-00484,Western Cape District 3 Dispensary-484,Dispensary,1,ZA-WES-200,ZA,Western Cape,Western Cape District 3,69.0,37,True,False,True,0,-26.106861,30.029628,Operational,1995
FAC-00485,Western Cape District 3 Clinic-485,Clinic,2,ZA-WES-201,ZA,Western Cape,Western Cape District 3,38.0,27,True,True,True,1,-33.96976,16.484124,Operational,2006
FAC-00486,Eastern Cape District 1 Dispensary-486,Dispensary,1,ZA-EAS-202,ZA,Eastern Cape,Eastern Cape District 1,27.0,34,False,True,False,1,-25.960639,16.506243,Operational,1990
FAC-00487,Eastern Cape District 1 Dispensary-487,Dispensary,1,ZA-EAS-203,ZA,Eastern Cape,Eastern Cape District 1,53.0,47,False,False,True,0,-34.009652,29.367356,Operational,2009
FAC-00488,Eastern Cape District 1 Dispensary-488,Dispensary,1,ZA-EAS-203,ZA,Eastern Cape,Eastern Cape District 1,42.0,12,False,True,False,0,-34.031508,29.386697,Operational,2019
FAC-00489,Eastern Cape District 1 Dispensary-489,Dispensary,1,ZA-EAS-204,ZA,Eastern Cape,Eastern Cape District 1,79.0,24,False,False,True,1,-27.185617,27.144364,Operational,2006
FAC-00490,Eastern Cape District 2 Dispensary-490,Dispensary,1,ZA-EAS-205,ZA,Eastern Cape,Eastern Cape District 2,91.0,29,False,True,False,2,-28.667905,26.851908,Under Construction,1990
FAC-00491,Eastern Cape District 2 Dispensary-491,Dispensary,1,ZA-EAS-206,ZA,Eastern Cape,Eastern Cape District 2,97.0,10,True,False,False,0,-34.0361,16.494007,Operational,2015
FAC-00492,Eastern Cape District 2 Clinic-492,Clinic,2,ZA-EAS-206,ZA,Eastern Cape,Eastern Cape District 2,69.0,40,False,True,False,1,-33.951921,16.510593,Operational,2023
FAC-00493,Eastern Cape District 2 Clinic-493,Clinic,2,ZA-EAS-206,ZA,Eastern Cape,Eastern Cape District 2,72.0,18,False,False,False,1,-34.030573,16.49472,Operational,2011
FAC-00494,Eastern Cape District 2 Dispensary-494,Dispensary,1,ZA-EAS-206,ZA,Eastern Cape,Eastern Cape District 2,88.0,5,True,False,False,1,-34.027949,16.468596,Closed,2002
FAC-00495,Eastern Cape District 2 Dispensary-495,Dispensary,1,ZA-EAS-206,ZA,Eastern Cape,Eastern Cape District 2,48.0,31,False,False,False,1,-34.038418,16.520596,Operational,2022
FAC-00496,Eastern Cape District 2 Clinic-496,Clinic,2,ZA-EAS-206,ZA,Eastern Cape,Eastern Cape District 2,42.0,20,False,False,False,1,-33.986674,16.495028,Operational,1996
FAC-00497,Eastern Cape District 2 Dispensary-497,Dispensary,1,ZA-EAS-207,ZA,Eastern Cape,Eastern Cape District 2,36.0,35,False,False,False,1,-30.140668,26.288808,Operational,2015
FAC-00498,Eastern Cape District 2 Clinic-498,Clinic,2,ZA-EAS-207,ZA,Eastern Cape,Eastern Cape District 2,25.0,21,True,False,True,0,-30.143529,26.256272,Operational,2004
FAC-00499,Eastern Cape District 2 Dispensary-499,Dispensary,1,ZA-EAS-208,ZA,Eastern Cape,Eastern Cape District 2,32.0,21,False,False,True,1,-33.998271,24.744825,Operational,2011
FAC-00500,Limpopo District 1 District Hospital-500,District Hospital,4,ZA-LIM-209,ZA,Limpopo,Limpopo District 1,273.0,124,True,True,True,6,-31.907228,22.582464,Operational,2013
FAC-00501,Limpopo District 1 Health Center-501,Health Center,3,ZA-LIM-210,ZA,Limpopo,Limpopo District 1,21.0,28,False,False,True,0,-25.782738,27.926671,Operational,2019
FAC-00502,Limpopo District 1 Health Center-502,Health Center,3,ZA-LIM-210,ZA,Limpopo,Limpopo District 1,79.0,25,False,False,True,0,-25.77631,27.965274,Operational,2007
FAC-00503,Limpopo District 1 Health Center-503,Health Center,3,ZA-LIM-210,ZA,Limpopo,Limpopo District 1,18.0,33,True,False,False,2,-25.806074,27.897838,Operational,2016
FAC-00504,Limpopo District 1 Dispensary-504,Dispensary,1,ZA-LIM-211,ZA,Limpopo,Limpopo District 1,23.0,30,False,False,False,1,-34.005515,29.980222,Operational,2008
FAC-00505,Limpopo District 1 Dispensary-505,Dispensary,1,ZA-LIM-212,ZA,Limpopo,Limpopo District 1,37.0,16,False,False,False,0,-24.025627,30.582088,Operational,1996
FAC-00506,LIMPOPO DISTRICT 2 Dispensary-506,Dispensary,1,ZA-LIM-213,ZA,Limpopo,LIMPOPO DISTRICT 2,20.0,28,False,False,True,0,-32.055803,25.967399,Operational,2017
FAC-00507,Limpopo District 2 Dispensary-507,Dispensary,1,ZA-LIM-214,ZA,Limpopo,Limpopo District 2,24.0,20,False,False,True,2,-29.697087,25.657289,Operational,1992
FAC-00508,Limpopo District 2 Dispensary-508,Dispensary,1,ZA-LIM-215,ZA,Limpopo,Limpopo District 2,30.0,15,False,False,False,1,-24.284874,23.856085,Operational,2023
FAC-00509,LIMPOPO DISTRICT 2 Dispensary-509,Dispensary,1,ZA-LIM-216,ZA,Limpopo,LIMPOPO DISTRICT 2,25.0,32,True,False,True,1,-27.598251,26.592826,Operational,2009
FAC-00510,Mpumalanga District 1 Dispensary-510,Dispensary,1,ZA-MPU-217,ZA,Mpumalanga,Mpumalanga District 1,7.0,16,False,False,True,1,-24.020493,16.501568,Operational,2011
FAC-00511,Mpumalanga District 1 Health Center-511,Health Center,3,ZA-MPU-218,ZA,Mpumalanga,Mpumalanga District 1,56.0,34,False,False,False,0,-29.071708,21.471551,Operational,1996
FAC-00512,Mpumalanga District 1 Dispensary-512,Dispensary,1,ZA-MPU-218,ZA,Mpumalanga,Mpumalanga District 1,15.0,19,True,False,False,2,-29.042176,21.404235,Operational,2010
FAC-00513,Free State District 1 Dispensary-513,Dispensary,1,ZA-FRE-219,ZA,Free State,Free State District 1,15.0,42,False,False,False,1,-27.175463,31.755384,Operational,2023
FAC-00514,Free State District 1 District Hospital-514,District Hospital,4,ZA-FRE-219,ZA,Free State,Free State District 1,715.0,269,True,True,True,6,-27.176645,31.733545,Under Construction,2007
FAC-00515,Free State District 1 Dispensary-515,Dispensary,1,ZA-FRE-220,ZA,Free State,Free State District 1,6.0,16,False,True,True,0,-25.416455,26.99447,Operational,1991
FAC-00516,Free State District 1 Clinic-516,Clinic,2,ZA-FRE-220,ZA,Free State,Free State District 1,15.0,40,False,False,False,1,-25.426621,27.042663,Under Construction,2010
FAC-00517,North West District 1 Dispensary-517,Dispensary,1,ZA-NOR-221,ZA,North West,North West District 1,54.0,34,False,False,True,2,-28.11066,16.533642,Under Construction,2011
FAC-00518,North West District 1 Clinic-518,Clinic,2,ZA-NOR-222,ZA,North West,North West District 1,66.0,10,False,True,True,0,-26.914688,19.332426,Operational,2013
FAC-00519,North West District 1 Dispensary-519,Dispensary,1,ZA-NOR-223,ZA,North West,North West District 1,22.0,32,False,False,True,0,-26.377971,22.213413,Operational,2015
FAC-00520,North West District 1 Clinic-520,Clinic,2,ZA-NOR-224,ZA,North West,North West District 1,27.0,38,True,False,True,0,-27.696138,19.826673,Operational,2007
FAC-00521,North West District 1 Health Center-521,Health Center,3,ZA-NOR-224,ZA,North West,North West District 1,88.0,39,False,False,True,2,-27.6691,19.793545,Operational,1999
FAC-00522,North West District 2 Clinic-522,Clinic,2,ZA-NOR-225,ZA,North West,North West District 2,53.0,15,False,False,False,1,-32.869405,31.055166,Operational,2019
FAC-00523,North West District 2 Clinic-523,Clinic,2,ZA-NOR-226,ZA,North West,North West District 2,27.0,20,True,False,True,0,-32.770843,19.515137,Operational,2002
FAC-00524,North West District 2 Clinic-524,Clinic,2,ZA-NOR-226,ZA,North West,North West District 2,7.0,30,True,False,False,2,-32.71369,19.513688,Under Construction,2001
FAC-00525,North West District 2 Clinic-525,Clinic,2,ZA-NOR-227,ZA,North West,North West District 2,11.0,30,False,True,False,1,-23.249994,26.85951,Under Construction,1994
FAC-00526,North West District 2 Health Center-526,Health Center,3,ZA-NOR-228,ZA,North West,North West District 2,56.0,17,True,False,True,0,-25.024993,30.755956,Operational,2004
FAC-00527,North West District 2 Health Center-527,Health Center,3,ZA-NOR-228,ZA,North West,North West District 2,89.0,10,True,False,False,0,-25.016325,30.724944,Operational,2016
FAC-00528,North West District 2 Dispensary-528,Dispensary,1,ZA-NOR-228,ZA,North West,North West District 2,81.0,27,True,False,False,2,-25.059334,30.682017,Operational,2001
FAC-00529,North West District 2 Clinic-529,Clinic,2,ZA-NOR-228,ZA,North West,North West District 2,96.0,13,False,False,False,0,-25.102506,30.773455,Operational,2003
FAC-00530,North West District 2 Health Center-530,Health Center,3,ZA-NOR-228,ZA,North West,North West District 2,42.0,8,False,False,False,0,-25.022936,30.700396,Operational,2004
FAC-00531,North West District 2 District Hospital-531,District Hospital,4,ZA-NOR-228,ZA,North West,North West District 2,794.0,281,True,True,True,4,-25.095527,30.775371,Under Construction,2005
FAC-00532,North West District 2 Dispensary-532,Dispensary,1,ZA-NOR-228,ZA,North West,North West District 2,29.0,27,False,False,False,1,-25.09781,30.774685,Operational,2023
FAC-00533,North West District 2 Dispensary-533,Dispensary,1,ZA-NOR-228,ZA,North West,North West District 2,8.0,33,True,False,True,0,-25.023445,30.702955,Operational,1990
FAC-00534,North West District 2 Health Center-534,Health Center,3,ZA-NOR-228,ZA,North West,North West District 2,94.0,21,True,False,False,2,-25.100702,30.739697,Operational,2011
FAC-00535,North West District 2 District Hospital-535,District Hospital,4,ZA-NOR-228,ZA,North West,North West District 2,258.0,167,True,True,True,8,-25.090235,30.773314,Operational,2020
FAC-00536,North West District 2 Clinic-536,Clinic,2,ZA-NOR-228,ZA,North West,North West District 2,44.0,47,False,False,True,1,-25.06226,30.751652,Operational,2005
FAC-00537,North West District 2 Clinic-537,Clinic,2,ZA-NOR-228,ZA,North West,North West District 2,34.0,40,False,True,False,2,-25.06782,30.686791,Operational,1993
FAC-00538,North West District 2 Dispensary-538,Dispensary,1,ZA-NOR-228,ZA,North West,North West District 2,35.0,27,False,True,False,1,-25.064614,30.709004,Operational,2002
FAC-00539,North West District 2 Dispensary-539,Dispensary,1,ZA-NOR-228,ZA,North West,North West District 2,49.0,22,True,False,False,1,-25.068713,30.702664,Operational,1993
FAC-00540,North West District 2 Clinic-540,Clinic,2,ZA-NOR-228,ZA,North West,North West District 2,70.0,9,False,False,True,2,-25.026762,30.725952,Operational,2010
FAC-00541,North West District 2 Health Center-541,Health Center,3,ZA-NOR-228,ZA,North West,North West District 2,96.0,43,True,True,True,1,-25.038427,30.693359,Operational,2008
FAC-00542,North West District 2 Dispensary-542,Dispensary,1,ZA-NOR-228,ZA,North West,North West District 2,37.0,17,False,False,False,1,-25.017207,30.705003,Operational,1990
FAC-00543,North West District 2 Dispensary-543,Dispensary,1,ZA-NOR-228,ZA,North West,North West District 2,95.0,25,True,False,True,2,-25.061146,30.76896,Operational,2010
FAC-00544,North West District 2 Clinic-544,Clinic,2,ZA-NOR-228,ZA,North West,North West District 2,74.0,33,False,False,True,2,-25.058022,30.688173,Operational,2009
FAC-00545,North West District 2 Clinic-545,Clinic,2,ZA-NOR-228,ZA,North West,North West District 2,89.0,27,False,False,False,1,-25.115258,30.760984,Under Construction,1996
FAC-00546,North West District 2 Clinic-546,Clinic,2,ZA-NOR-228,ZA,North West,North West District 2,46.0,46,False,True,True,2,-25.070882,30.749207,Operational,2007
FAC-00547,North West District 2 Clinic-547,Clinic,2,ZA-NOR-228,ZA,North West,North West District 2,75.0,21,False,True,False,2,-25.030544,30.729749,Operational,1998
FAC-00548,North West District 2 Health Center-548,Health Center,3,ZA-NOR-228,ZA,North West,North West District 2,28.0,18,False,False,False,0,-25.078779,30.757131,Operational,2006
FAC-00549,North West District 2 Dispensary-549,Dispensary,1,ZA-NOR-228,ZA,North West,North West District 2,36.0,13,True,False,False,2,-25.036212,30.713714,Operational,2010
FAC-00550,North West District 2 Health Center-550,Health Center,3,ZA-NOR-228,ZA,North West,North West District 2,5.0,14,True,True,True,2,-25.06459,30.764396,Operational,2017
FAC-00551,North West District 2 Dispensary-551,Dispensary,1,ZA-NOR-228,ZA,North West,North West District 2,43.0,33,False,False,False,1,-25.078672,30.689161,Operational,1998
FAC-00552,North West District 2 Dispensary-552,Dispensary,1,ZA-NOR-228,ZA,North West,North West District 2,76.0,39,True,False,False,1,-25.019214,30.72426,Operational,2003
FAC-00553,North West District 2 Dispensary-553,Dispensary,1,ZA-NOR-228,ZA,North West,North West District 2,27.0,24,True,True,True,0,-25.080529,30.711479,Operational,1994
FAC-00554,North West District 2 Dispensary-554,Dispensary,1,ZA-NOR-228,ZA,North West,North West District 2,46.0,42,False,False,False,2,-25.017542,30.704076,Operational,2020
FAC-00555,North West District 2 Dispensary-555,Dispensary,1,ZA-NOR-228,ZA,North West,North West District 2,38.0,10,False,False,True,1,-25.031714,30.682951,Operational,2021
FAC-00556,North West District 2 Health Center-556,Health Center,3,ZA-NOR-228,ZA,North West,North West District 2,90.0,26,True,True,False,1,-25.093867,30.705314,Under Construction,1999
FAC-00557,North West District 2 Clinic-557,Clinic,2,ZA-NOR-228,ZA,North West,North West District 2,21.0,10,False,False,True,2,-25.079208,30.719008,Closed,1992
FAC-00558,North West District 2 Clinic-558,Clinic,2,ZA-NOR-228,ZA,North West,North West District 2,44.0,39,True,False,True,2,-25.041216,30.681176,Operational,2006
FAC-00559,North West District 2 Dispensary-559,Dispensary,1,ZA-NOR-228,ZA,North West,North West District 2,81.0,6,False,False,True,2,-25.029655,30.761525,Closed,1994
FAC-00560,North West District 2 Dispensary-560,Dispensary,1,ZA-NOR-228,ZA,North West,North West District 2,43.0,17,True,False,False,0,-25.07008,30.719595,Operational,1992
FAC-00561,North West District 2 Health Center-561,Health Center,3,ZA-NOR-228,ZA,North West,North West District 2,94.0,15,False,False,False,1,-25.064001,30.685033,Operational,1996
FAC-00562,North West District 2 Clinic-562,Clinic,2,ZA-NOR-228,ZA,North West,North West District 2,74.0,45,False,False,True,2,-25.069477,30.693244,Under Construction,2000
FAC-00563,North West District 2 Health Center-563,Health Center,3,ZA-NOR-228,ZA,North West,North West District 2,27.0,31,False,False,False,1,-25.104479,30.744307,Operational,2022
FAC-00564,North West District 2 Clinic-564,Clinic,2,ZA-NOR-228,ZA,North West,North West District 2,9.0,43,False,True,False,1,-25.08661,30.734459,Operational,2007
FAC-00565,North West District 2 Health Center-565,Health Center,3,ZA-NOR-228,ZA,North West,North West District 2,20.0,42,False,False,False,2,-25.089162,30.770982,Operational,2009
FAC-00566,North West District 2 Dispensary-566,Dispensary,1,ZA-NOR-228,ZA,North West,North West District 2,95.0,34,False,False,False,1,-25.025935,30.693269,Operational,2017
FAC-00567,North West District 2 Dispensary-567,Dispensary,1,ZA-NOR-228,ZA,North West,North West District 2,,36,False,False,False,1,-25.030055,30.696976,Operational,1992
FAC-00568,North West District 2 Dispensary-568,Dispensary,1,ZA-NOR-228,ZA,North West,North West District 2,33.0,15,False,True,True,0,-25.075086,30.714694,Operational,2000
FAC-00569,North West District 2 Dispensary-569,Dispensary,1,ZA-NOR-228,ZA,North West,North West District 2,69.0,39,False,False,False,2,-25.071963,30.683911,Operational,2007
FAC-00570,North West District 2 District Hospital-570,District Hospital,4,ZA-NOR-228,ZA,North West,North West District 2,708.0,291,True,True,True,3,-25.110366,30.722605,Operational,2020
FAC-00571,North West District 2 Dispensary-571,Dispensary,1,ZA-NOR-228,ZA,North West,North West District 2,80.0,40,False,False,False,1,-25.017772,30.746097,Operational,2010
FAC-00572,North West District 2 Dispensary-572,Dispensary,1,ZA-NOR-228,ZA,North West,North West District 2,30.0,12,True,False,True,0,-25.056108,30.766886,Under Construction,2005
FAC-00573,North West District 2 Clinic-573,Clinic,2,ZA-NOR-228,ZA,North West,North West District 2,25.0,6,False,False,False,1,-25.102153,30.773682,Operational,2022
FAC-00574,North West District 2 Clinic-574,Clinic,2,ZA-NOR-228,ZA,North West,North West District 2,68.0,42,True,False,True,0,-25.043803,30.731318,Operational,2018
FAC-00575,North West District 2 Clinic-575,Clinic,2,ZA-NOR-228,ZA,North West,North West District 2,19.0,34,False,False,False,1,-25.096932,30.720031,Under Construction,2018
FAC-00576,North West District 2 Regional Hospital-576,Regional Hospital,5,ZA-NOR-228,ZA,North West,North West District 2,911.0,631,True,True,True,10,-25.095591,30.779748,Operational,2016
FAC-00577,North West District 2 Health Center-577,Health Center,3,ZA-NOR-228,ZA,North West,North West District 2,94.0,33,True,False,False,2,-25.047182,30.769227,Operational,2016
FAC-00578,North West District 2 Dispensary-578,Dispensary,1,ZA-NOR-228,ZA,North West,North West District 2,70.0,29,False,False,False,0,-25.097466,30.690481,Operational,1995
FAC-00579,North West District 2 Dispensary-579,Dispensary,1,ZA-NOR-228,ZA,North West,North West District 2,62.0,22,False,False,False,2,-25.020845,30.70991,Operational,1990
FAC-00580,North West District 2 Regional Hospital-580,Regional Hospital,5,ZA-NOR-228,ZA,North West,North West District 2,1248.0,677,True,True,True,13,-25.099226,30.751138,Operational,2011
FAC-00581,North West District 2 Dispensary-581,Dispensary,1,ZA-NOR-228,ZA,North West,North West District 2,49.0,30,True,True,False,0,-25.065814,30.771095,Operational,2006
FAC-00582,North West District 2 Health Center-582,Health Center,3,ZA-NOR-228,ZA,North West,North West District 2,83.0,20,False,False,False,2,-25.08493,30.724713,Operational,1999
FAC-00583,North West District 2 National Hospital-583,National Hospital,6,ZA-NOR-228,ZA,North West,North West District 2,1626.0,496,True,True,True,14,-25.110331,30.763219,Operational,2001
FAC-00584,North West District 2 Health Center-584,Health Center,3,ZA-NOR-228,ZA,North West,North West District 2,30.0,37,False,False,False,0,-25.093567,30.734483,Operational,2021
FAC-00585,North West District 2 Dispensary-585,Dispensary,1,ZA-NOR-228,ZA,North West,North West District 2,5.0,39,True,True,True,1,-25.073582,30.759474,Operational,2011
FAC-00586,North West District 2 Clinic-586,Clinic,2,ZA-NOR-228,ZA,North West,North West District 2,57.0,40,True,True,True,0,-25.092937,30.701746,Operational,2018
FAC-00587,North West District 2 Regional Hospital-587,Regional Hospital,5,ZA-NOR-228,ZA,North West,North West District 2,1284.0,535,True,True,True,16,-25.058926,30.763155,Closed,1991
FAC-00588,North West District 2 Dispensary-588,Dispensary,1,ZA-NOR-228,ZA,North West,North West District 2,18.0,37,True,True,False,2,-25.088374,30.702277,Under Construction,2007
FAC-00589,North West District 2 Clinic-589,Clinic,2,ZA-NOR-228,ZA,North West,North West District 2,16.0,33,True,True,False,2,-25.106042,30.724843,Under Construction,1994
FAC-00590,North West District 2 Dispensary-590,Dispensary,1,ZA-NOR-228,ZA,North West,North West District 2,13.0,37,True,False,False,1,-25.043771,30.705631,Operational,2018
FAC-00591,North West District 2 Dispensary-591,Dispensary,1,ZA-NOR-228,ZA,North West,North West District 2,8.0,22,True,False,True,1,-25.050648,30.720436,Operational,2007
FAC-00592,North West District 2 Dispensary-592,Dispensary,1,ZA-NOR-228,ZA,North West,North West District 2,24.0,29,True,False,False,0,-25.019331,30.771497,Operational,1994
FAC-00593,North West District 2 Health Center-593,Health Center,3,ZA-NOR-228,ZA,North West,North West District 2,35.0,49,True,False,False,0,-25.094556,30.758089,Operational,2019
FAC-00594,North West District 2 Health Center-594,Health Center,3,ZA-NOR-228,ZA,North West,North West District 2,6.0,7,False,False,False,1,-25.102103,30.685351,Operational,2020
FAC-00595,North West District 2 Clinic-595,Clinic,2,ZA-NOR-228,ZA,North West,North West District 2,6.0,36,False,False,True,1,-25.054762,30.77829,Operational,2023
FAC-00596,North West District 2 Dispensary-596,Dispensary,1,ZA-NOR-228,ZA,North West,North West District 2,75.0,10,False,False,False,1,-25.03427,30.723123,Operational,2001
FAC-00597,North West District 2 Clinic-597,Clinic,2,ZA-NOR-228,ZA,North West,North West District 2,70.0,15,False,True,False,2,-25.112996,30.744288,Operational,2019
FAC-00598,North West District 2 Health Center-598,Health Center,3,ZA-NOR-228,ZA,North West,North West District 2,34.0,12,True,False,False,1,-25.029497,30.720593,Operational,1997
FAC-00599,North West District 2 Dispensary-599,Dispensary,1,ZA-NOR-228,ZA,North West,North West District 2,31.0,44,False,False,True,1,-25.040822,30.754558,Operational,2008
FAC-00600,North West District 2 Health Center-600,Health Center,3,ZA-NOR-228,ZA,North West,North West District 2,20.0,27,False,False,True,2,-25.053073,30.76291,Operational,2011
FAC-00601,North West District 2 Dispensary-601,Dispensary,1,ZA-NOR-228,ZA,North West,North West District 2,32.0,37,False,False,True,2,-25.053196,30.71579,Closed,2015
FAC-00602,North West District 2 Clinic-602,Clinic,2,ZA-NOR-228,ZA,North West,North West District 2,42.0,6,False,False,True,0,-25.056462,30.751846,Operational,2006
FAC-00603,North West District 2 Clinic-603,Clinic,2,ZA-NOR-228,ZA,North West,North West District 2,33.0,10,False,False,False,1,-25.052722,30.73421,Operational,1996
FAC-00604,North West District 2 Health Center-604,Health Center,3,ZA-NOR-228,ZA,North West,North West District 2,93.0,17,False,False,True,0,-25.099419,30.720549,Under Construction,2023
FAC-00605,North West District 2 Health Center-605,Health Center,3,ZA-NOR-228,ZA,North West,North West District 2,7.0,46,False,False,False,2,-25.104928,30.7765,Operational,1994
FAC-00606,North West District 2 Dispensary-606,Dispensary,1,ZA-NOR-228,ZA,North West,North West District 2,98.0,8,False,True,False,0,-25.10583,30.730832,Operational,2005
FAC-00607,North West District 2 Dispensary-607,Dispensary,1,ZA-NOR-228,ZA,North West,North West District 2,26.0,40,False,False,True,2,-25.087748,30.721029,Operational,2005
FAC-00608,North West District 2 Dispensary-608,Dispensary,1,ZA-NOR-228,ZA,North West,North West District 2,68.0,36,False,True,False,2,-25.033332,30.694577,Operational,2003
FAC-00609,North West District 2 Dispensary-609,Dispensary,1,ZA-NOR-228,ZA,North West,North West District 2,52.0,5,False,False,True,0,-25.038903,30.76101,Operational,1995
FAC-00610,North West District 2 Clinic-610,Clinic,2,ZA-NOR-228,ZA,North West,North West District 2,48.0,40,False,False,True,0,-25.094315,30.761287,Operational,2011
FAC-00611,North West District 2 Dispensary-611,Dispensary,1,ZA-NOR-228,ZA,North West,North West District 2,73.0,13,False,True,True,0,-25.062118,30.737495,Operational,2017
FAC-00612,North West District 2 Clinic-612,Clinic,2,ZA-NOR-228,ZA,North West,North West District 2,15.0,27,True,False,False,0,-25.049281,30.762182,Operational,2010
FAC-00613,North West District 2 Clinic-613,Clinic,2,ZA-NOR-228,ZA,North West,North West District 2,65.0,42,True,False,True,1,-25.083532,30.761839,Operational,1994
FAC-00614,North West District 2 Dispensary-614,Dispensary,1,ZA-NOR-228,ZA,North West,North West District 2,16.0,29,False,False,True,0,-25.053193,30.705236,Operational,1992
FAC-00615,North West District 2 Dispensary-615,Dispensary,1,ZA-NOR-228,ZA,North West,North West District 2,88.0,35,False,False,True,0,-25.061184,30.734541,Operational,2001
FAC-00616,North West District 2 Clinic-616,Clinic,2,ZA-NOR-228,ZA,North West,North West District 2,43.0,29,False,False,True,1,-25.071126,30.690105,Operational,2002
FAC-00617,North West District 2 Dispensary-617,Dispensary,1,ZA-NOR-228,ZA,North West,North West District 2,19.0,40,False,False,False,0,-25.028508,30.692596,Under Construction,2015
FAC-00618,North West District 2 District Hospital-618,District Hospital,4,ZA-NOR-228,ZA,North West,North West District 2,510.0,115,True,True,True,4,-25.09979,30.749951,Operational,2003
FAC-00619,North West District 2 Clinic-619,Clinic,2,ZA-NOR-228,ZA,North West,North West District 2,37.0,29,False,False,False,0,-25.062307,30.719335,Operational,2002
FAC-00620,North West District 2 Dispensary-620,Dispensary,1,ZA-NOR-228,ZA,North West,North West District 2,66.0,37,False,False,False,2,-25.04327,30.771693,Under Construction,2023
FAC-00621,North West District 2 Clinic-621,Clinic,2,ZA-NOR-228,ZA,North West,North West District 2,72.0,14,False,True,False,1,-25.098822,30.724651,Operational,1996
FAC-00622,North West District 2 Clinic-622,Clinic,2,ZA-NOR-228,ZA,North West,North West District 2,20.0,44,False,False,False,1,-25.078141,30.705739,Operational,2013
FAC-00623,North West District 2 Health Center-623,Health Center,3,ZA-NOR-228,ZA,North West,North West District 2,29.0,6,False,True,False,0,-25.038289,30.713789,Operational,1995
FAC-00624,North West District 2 Dispensary-624,Dispensary,1,ZA-NOR-228,ZA,North West,North West District 2,51.0,19,False,True,False,0,-25.080623,30.752184,Operational,2020
FAC-00625,North West District 2 Clinic-625,Clinic,2,ZA-NOR-228,ZA,North West,North West District 2,21.0,18,True,False,False,1,-25.07825,30.772245,Operational,2007
FAC-00626,North West District 2 Dispensary-626,Dispensary,1,ZA-NOR-228,ZA,North West,North West District 2,13.0,39,False,True,True,1,-25.115484,30.779862,Operational,2019
FAC-00627,North West District 2 Clinic-627,Clinic,2,ZA-NOR-228,ZA,North West,North West District 2,16.0,19,False,False,False,2,-25.096376,30.711264,Operational,1993
FAC-00628,North West District 2 Dispensary-628,Dispensary,1,ZA-NOR-228,ZA,North West,North West District 2,42.0,27,False,False,True,2,-25.105036,30.767509,Operational,2003
FAC-00629,North West District 2 Clinic-629,Clinic,2,ZA-NOR-228,ZA,North West,North West District 2,13.0,39,False,False,True,2,-25.109585,30.698651,Operational,2010
FAC-00630,North West District 2 Dispensary-630,Dispensary,1,ZA-NOR-228,ZA,North West,North West District 2,19.0,23,False,False,True,1,-25.042884,30.768791,Operational,1997
FAC-00631,North West District 2 Clinic-631,Clinic,2,ZA-NOR-228,ZA,North West,North West District 2,39.0,41,True,True,False,0,-25.110425,30.76356,Operational,2011
FAC-00632,North West District 2 National Hospital-632,National Hospital,6,ZA-NOR-228,ZA,North West,North West District 2,895.0,811,True,True,True,16,-25.096107,30.711798,Operational,2006
FAC-00633,North West District 2 Clinic-633,Clinic,2,ZA-NOR-228,ZA,North West,North West District 2,98.0,32,True,False,False,1,-25.086155,30.693479,Operational,2013
FAC-00634,North West District 2 Health Center-634,Health Center,3,ZA-NOR-228,ZA,North West,North West District 2,44.0,19,False,True,False,2,-25.106513,30.775422,Operational,1996
FAC-00635,North West District 2 Clinic-635,Clinic,2,ZA-NOR-228,ZA,North West,North West District 2,38.0,15,True,False,False,1,-25.067507,30.711471,Operational,1997
FAC-00636,North West District 2 Clinic-636,Clinic,2,ZA-NOR-228,ZA,North West,North West District 2,57.0,12,False,True,True,2,-25.063857,30.73649,Operational,2023
FAC-00637,North West District 2 Clinic-637,Clinic,2,ZA-NOR-228,ZA,North West,North West District 2,44.0,32,False,True,False,2,-25.103739,30.778509,Operational,2014
FAC-00638,North West District 2 Clinic-638,Clinic,2,ZA-NOR-228,ZA,North West,North West District 2,32.0,9,False,False,False,2,-25.09996,30.715331,Operational,2012
FAC-00639,North West District 2 Dispensary-639,Dispensary,1,ZA-NOR-228,ZA,North West,North West District 2,65.0,11,True,False,False,1,-25.07436,30.696836,Operational,2014
